{
	"skins": {
		"eui.Button": "resource/eui_skins/ButtonSkin.exml",
		"eui.CheckBox": "resource/eui_skins/CheckBoxSkin.exml",
		"eui.HScrollBar": "resource/eui_skins/HScrollBarSkin.exml",
		"eui.HSlider": "resource/eui_skins/HSliderSkin.exml",
		"eui.Panel": "resource/eui_skins/PanelSkin.exml",
		"eui.TextInput": "resource/eui_skins/TextInputSkin.exml",
		"eui.ProgressBar": "resource/eui_skins/ProgressBarSkin.exml",
		"eui.RadioButton": "resource/eui_skins/RadioButtonSkin.exml",
		"eui.Scroller": "resource/eui_skins/ScrollerSkin.exml",
		"eui.ToggleSwitch": "resource/eui_skins/ToggleSwitchSkin.exml",
		"eui.VScrollBar": "resource/eui_skins/VScrollBarSkin.exml",
		"eui.VSlider": "resource/eui_skins/VSliderSkin.exml",
		"eui.ItemRenderer": "resource/eui_skins/ItemRendererSkin.exml",
		"HallScene": "resource/skins/hall/HallScene.exml",
		"GameItem": "resource/skins/hall/GameItem.exml",
		"cstmListView": "resource/skins/customize/cstmListView.exml",
		"MyListView": "resource/skins/Hall/MyListView.exml",
		"ADPageView": "resource/skins/hall/ADPageView.exml",
		"GameItemView": "resource/skins/hall/GameItemView.exml",
		"GoodTipsPageView": "resource/skins/hall/GoodTipsPageView.exml",
		"GoodTipsView": "resource/skins/hall/GoodTipsView.exml",
		"LimitView": "resource/skins/hall/LimitView.exml",
		"LImitRadioBtn": "resource/skins/hall/LImitRadioBtn.exml",
		"MoblieHallScene": "resource/skins/hall/MoblieHallScene.exml",
		"MGameItem": "resource/skins/hall/MGameItem.exml",
		"chat": "resource/skins/common/chat/chat.exml",
		"ChatItem": "resource/skins/common/chat/ChatItem.exml",
		"EmojiView": "resource/skins/common/chat/EmojiView.exml",
		"EmojiItem": "resource/skins/common/chat/EmojiItem.exml",
		"BetButtonFrench": "resource/skins/roulette/bet/BetButtonFrench.exml",
		"RouletteRepeatBtn": "resource/skins/roulette/bet/RouletteRepeatBtn.exml",
		"RouletteBetBtn": "resource/skins/roulette/bet/RouletteBetBtn.exml",
		"SettingView": "resource/skins/common/settingView/SettingView.exml",
		"RuleView": "resource/skins/common/ruleView/RuleView.exml",
		"RecordView": "resource/skins/common/recordView/RecordView.exml",
		"RecordItem": "resource/skins/common/recordView/RecordItem.exml"
	},
	"autoGenerateExmlsList": true,
	"exmls": [
		"resource/eui_skins/ButtonSkin.exml",
		"resource/eui_skins/CheckBoxSkin.exml",
		"resource/eui_skins/HScrollBarSkin.exml",
		"resource/eui_skins/HSliderSkin.exml",
		"resource/eui_skins/ItemRendererSkin.exml",
		"resource/eui_skins/PanelSkin.exml",
		"resource/eui_skins/ProgressBarSkin.exml",
		"resource/eui_skins/RadioButtonSkin.exml",
		"resource/eui_skins/ScrollerSkin.exml",
		"resource/eui_skins/TextInputSkin.exml",
		"resource/eui_skins/ToggleSwitchSkin.exml",
		"resource/eui_skins/VScrollBarSkin.exml",
		"resource/eui_skins/VSliderSkin.exml",
		"resource/skins/baccarat/OneBaseChipBtnSkin.exml",
		"resource/skins/baccarat/AllChipsViewSkin.exml",
		"resource/skins/baccarat/UserSeatViewSkin.exml",
		"resource/skins/baccarat/BetAreaViewSkin.exml",
		"resource/skins/baccarat/BetButtonSkin.exml",
		"resource/skins/baccarat/BetInfoViewSkin.exml",
		"resource/skins/baccarat/ChangeTableViewSkin.exml",
		"resource/skins/baccarat/ChipRadioButton.exml",
		"resource/skins/baccarat/OneChipsBtnSkin.exml",
		"resource/skins/baccarat/ChipsViewSkin.exml",
		"resource/skins/baccarat/ConfirmCancelButtonSkin.exml",
		"resource/skins/baccarat/MobileBetInfoAndRoadSkin.exml",
		"resource/skins/baccarat/MobileUserInfoViewSkin.exml",
		"resource/skins/baccarat/StatusViewSkin.exml",
		"resource/skins/baccarat/MobileChipsViewSkin.exml",
		"resource/skins/baccarat/RebetBtnSkin.exml",
		"resource/skins/baccarat/PokerViewSkin.exml",
		"resource/skins/baccarat/MobileOptionViewSkin.exml",
		"resource/skins/baccarat/MobileBaccaratGameSceneSkin.exml",
		"resource/skins/baccarat/OneTableItemSkin.exml",
		"resource/skins/baccarat/OptionBtnSkin.exml",
		"resource/skins/baccarat/OptionViewSkin.exml",
		"resource/skins/baccarat/RoadViewSkin.exml",
		"resource/skins/baccarat/UserInfoViewSkin.exml",
		"resource/skins/baccarat/PcBaccaratGameSceneSkin.exml",
		"resource/skins/hall/eui/SendChatBtn.exml",
		"resource/skins/common/chat/chat.exml",
		"resource/skins/common/chat/ChatItem.exml",
		"resource/skins/common/chat/EmojiItem.exml",
		"resource/skins/common/chat/EmojiView.exml",
		"resource/skins/common/chat/RewardItem.exml",
		"resource/skins/common/recordView/AllRadioBtn.exml",
		"resource/skins/common/recordView/BRadioBtn.exml",
		"resource/skins/common/recordView/LRadioBtn.exml",
		"resource/skins/common/recordView/RecordItem.exml",
		"resource/skins/common/settingView/CloseBtn.exml",
		"resource/skins/hall/eui/RecordBtn.exml",
		"resource/skins/common/recordView/RecordView.exml",
		"resource/skins/common/ruleView/RuleView.exml",
		"resource/skins/common/settingView/SetENRadio.exml",
		"resource/skins/common/settingView/SettingLangRadio.exml",
		"resource/skins/common/settingView/SettingRaio.exml",
		"resource/skins/common/settingView/SettingView.exml",
		"resource/skins/common/settingView/SetZHRadio.exml",
		"resource/skins/common/TimeCompent/btn_close.exml",
		"resource/skins/common/TimeCompent/btn_today.exml",
		"resource/skins/common/TimeCompent/DateNext.exml",
		"resource/skins/common/TimeCompent/DatePre.exml",
		"resource/skins/common/TimeCompent/Dates.exml",
		"resource/skins/common/TimeCompent/inputSkin.exml",
		"resource/skins/common/TimeCompent/listSkin.exml",
		"resource/skins/common/TimeCompent/TimeCompent.exml",
		"resource/skins/common/toast/BaseToastViewSkin.exml",
		"resource/skins/common/toast/ResultToastViewSkin.exml",
		"resource/skins/common/toast/ServerToastViewSkin.exml",
		"resource/skins/hall/ADItem.exml",
		"resource/skins/hall/ADPageView.exml",
		"resource/skins/hall/ADView.exml",
		"resource/skins/hall/eui/BGameRadio.exml",
		"resource/skins/hall/eui/EGameBtn.exml",
		"resource/skins/hall/eui/GetVipBtn.exml",
		"resource/skins/hall/eui/GetVipBtnM.exml",
		"resource/skins/hall/eui/HExitBtn.exml",
		"resource/skins/hall/eui/HRuleBtn.exml",
		"resource/skins/hall/eui/HSettingBtn.exml",
		"resource/skins/hall/eui/HSoundBtn.exml",
		"resource/skins/hall/eui/HVideoBtn.exml",
		"resource/skins/hall/eui/LGameRadio.exml",
		"resource/skins/hall/eui/LimitBtn.exml",
		"resource/skins/hall/eui/LimitRadioBtn.exml",
		"resource/skins/hall/eui/LoginBtn.exml",
		"resource/skins/hall/eui/NewFile.exml",
		"resource/skins/hall/eui/RechageBtn.exml",
		"resource/skins/hall/eui/RechageBtnM.exml",
		"resource/skins/hall/GameItem.exml",
		"resource/skins/hall/GameItemView.exml",
		"resource/skins/hall/GoodTipsPageView.exml",
		"resource/skins/hall/GoodTipsView.exml",
		"resource/skins/hall/HallScene.exml",
		"resource/skins/hall/LImitRadioBtn.exml",
		"resource/skins/hall/LimitView.exml",
		"resource/skins/hall/MGameItem.exml",
		"resource/skins/hall/MoblieHallScene.exml",
		"resource/skins/roulette/bet/BetButtonFrench.exml",
		"resource/skins/roulette/bet/BetButtonSkin.exml",
		"resource/skins/roulette/bet/Classic_bet.exml",
		"resource/skins/roulette/bet/French_bet.exml",
		"resource/skins/roulette/bet/MobileBetArea.exml",
		"resource/skins/roulette/bet/MobileFrenchBetAreaSkin.exml",
		"resource/skins/roulette/bet/RouletteBetBtn.exml",
		"resource/skins/roulette/bet/RouletteRepeatBtn.exml",
		"resource/skins/roulette/Bottom_info.exml",
		"resource/skins/roulette/MobileRoulette.exml",
		"resource/skins/roulette/PcRouletteGameScene.exml",
		"resource/skins/roulette/RewardAnchor.exml",
		"resource/skins/roulette/RewardMoney.exml",
		"resource/skins/roulette/RouletteResult.exml",
		"resource/skins/roulette/RouletteUserInfo.exml"
	],
	"path": "resource/default.thm.json"
}