{
	"groups": [
		{
			"keys": "checkbox_select_disabled_png,checkbox_select_down_png,checkbox_select_up_png,checkbox_unselect_png,selected_png,border_png,header_png,radiobutton_select_disabled_png,radiobutton_select_down_png,radiobutton_select_up_png,radiobutton_unselect_png,roundthumb_png,thumb_png,track_png,tracklight_png,handle_png,off_png,on_png,button_down_png,button_up_png,thumb_pb_png,track_pb_png,track_sb_png,bg_jpg,egret_icon_png,description_json,goodTips1_png,goodTips1_en_png,goodTips2_png,goodTips2_en_png,goodTips3_png,goodTips3_en_png,goodTips4_png,goodTips4_en_png,goodTips5_png,goodTips5_en_png,goodTips6_png,goodTips6_en_png,goodTips7_png,goodTips7_en_png,goodTips8_png,goodTips8_en_png,goodTipsDt1_png,goodTipsDt2_png,simple_json,global_json,Lang_json,bjl_nums_0_png,bjl_nums_fnt,common_label_bg_png,baccaratResult_json,bg2_png,loading_bg1_png,loding_bg2_png,seng_bg_png,circle_png,record_rect2_png,rect2_png,rect_png,eCircle_png,cancel_bg_png,calendar_select_png,text_rule_en_png,text_rule_zh_png,new_rule_bg_png,lh_png,lp_png,wz_png,edit_box_png,login_btn_png",
			"name": "preload"
		},
		{
			"keys": "zz_rod_bg_png,zoom_btn_png,whiteBg_png,wallet_icon_png,vip_icon_png,video_btn_png,user_bg_png,uer_c_bg_png,tips_light_png,sound_close_png,sound_btn_png,setting_btn_png,rigth_btn_png,recharge_btn_png,phone_btn_png,other_rod_png,num_player_png,num_coin_png,notice_bg_png,nomal_item_bg_png,name_game_bg_png,limit_btn2_png,limit_btn1_png,limit_btn_png,limit_bg_png,left_bg_png,laddy_bottom_icon_png,laddy_bg_png,king_icon_png,jm_btn2_png,jm_btn1_png,jdl_btn2_png,jdl_btn1_png,jdb_btn2_png,jdb_btn1_png,item_top_bg_png,item_di_bg_png,item_bg_png,head_vip_icon_png,hall_bg_png,get_vip_btn_png,game_rules_png,game_name_png,enter_game_btn_png,edit_line_png,edit_btn_png,dt_btn2_png,dt_btn1_png,dealer4_png,dealer3_png,dealer_2_png,dealer_1_png,close_video_btn_png,close_sound_btn_png,close_btn_png,bz_btn2_png,bz_btn1_png,app_dl_icon_png,ad_png,ad_sl_line_png,ad_sl_iocn_png,ad_line_png,ad_btn_png,ad_bg_png,black_bg_png",
			"name": "hall"
		},
		{
			"keys": "goodTipsDt2_png,goodTipsDt1_png,goodTips8_png,goodTips8_en_png,goodTips7_png,goodTips7_en_png,goodTips6_png,goodTips6_en_png,goodTips5_png,goodTips5_en_png,goodTips4_png,goodTips4_en_png,goodTips3_png,goodTips3_en_png,goodTips2_png,goodTips2_en_png,goodTips1_png,goodTips1_en_png",
			"name": "gdTips"
		},
		{
			"keys": "vip_btn_png,user_icon_png,top_user_bg_png,tips_icon_png,tips_bg_png,rule_btn_png,right_btn_png,rechange_btn_png,point_bg_png,mhead4_png,mhead3_png,mhead2_png,mhead_1_png,m_video_btn_png,m_sound_btn_png,m_setting_btn_png,m_phone_btn_png,m_left_bg_png,m_laddy_bg_png,m_game_name_png,m_close_video_png,m_close_sound_btn_png,lp_btn2_png,lp_btn1_png,left_btn_png,laddy_icon_png,jmbjl_btn2_png,jmbjl_btn_png,item_point_bg_png,Item_bg_1_png,head_icon_png,gold_icon_png,game_name_bg_png,dtbjl_btn2_png,dtbjl_btn1_png,chose_btn_png,bzbjl_btn2_png,bzbjl_btn1_png,bottom_btn_png,bottom_bg_png,bjl_btn2_png,bjl_btn1_png,bg_png",
			"name": "moblieHall"
		},
		{
			"keys": "bottom_chat_bg_png,bq_icon_png,c_close_btn_png,c_whiteBg_png,c_zoom_btn_png,chat_bg_png,chat_close_png,down_png,emojiBg_png,expression_png,m_chat_bg_png,m_chat_bg2_png,send_png,send_btn_png,text_bg_png,top_btn_png,top_btn2_png,up_png",
			"name": "chat"
		},
		{
			"keys": "bankeWin_png,bankerBg_png,chipLayer_bg_png,confirmLayer_cancel_disable_png,confirmLayer_cancel_normal_png,confirmLayer_cancel_press_png,confirmLayer_confirm_disable_png,confirmLayer_confirm_normal_png,confirmLayer_confirm_press_png,confirmLayer_rebet_disable_png,confirmLayer_rebet_normal_png,confirmLayer_rebet_press_png,mobile_betLayer_bg_png,playerBg_png,playerWin_png,pokerLayer_bg_png,roadBg_new_2_png,roadLayer_bg_new_png,roadlayer_bg_new_2_png,roomLayer_bg_png,roomLayer_btn_png,roomLayer_icon1_png,roomLayer_icon2_png,roomLayer_icon3_png,roomLayer_label_bg_png,roomLayer_room_select_png,roomLayer_select_png,roomLayer_select2_png,roomLayer_select_bg_png,tieWin_png,video_update_png,betArea_bottom1_png,betArea_bottom2_png,betArea_bottom3_png,betArea_bottom4_png,betArea_mid1_png,betArea_mid2_png,betArea_top1_png,betArea_top2_png,betArea_top3_png,betLayer_anyPair_png,betLayer_banker_png,betLayer_bankerPair_png,betLayer_bet_png,betLayer_big_png,betLayer_perfectPair_png,betLayer_player_png,betLayer_playerPair_png,betLayer_small_png,betLayer_tie_png,betLayer_user_png,betLayer_userBg_png,btn_bg_new_png,mouseMove_1_png,mouseMove_2_png,mouseMove_3_png,mouseMove_5_png,mouseMove_6_png,mouseMove_7_png,mouseMove_8_png,mouseMove_anyPair_png,mouseMove_banker_png,mouseMove_bankerPair_png,mouseMove_big_png,mouseMove_perfectPair_png,mouseMove_player_png,mouseMove_playerPair_png,mouseMove_small_png,mouseMove_tie_png,userPos_1_png,userPos_2_png,userPos_3_png,userPos_5_png,userPos_6_png,userPos_7_png,userPos_8_png,icon_record_png,record_arrow_png,record_rect_png,report_submit_png,rule_top_png,card_1_1_png,card_1_10_png,card_1_11_png,card_1_12_png,card_1_13_png,card_1_2_png,card_1_3_png,card_1_4_png,card_1_5_png,card_1_6_png,card_1_7_png,card_1_8_png,card_1_9_png,card_2_1_png,card_2_10_png,card_2_11_png,card_2_12_png,card_2_13_png,card_2_2_png,card_2_3_png,card_2_4_png,card_2_5_png,card_2_6_png,card_2_7_png,card_2_8_png,card_2_9_png,card_3_1_png,card_3_10_png,card_3_11_png,card_3_12_png,card_3_13_png,card_3_2_png,card_3_3_png,card_3_4_png,card_3_5_png,card_3_6_png,card_3_7_png,card_3_8_png,card_3_9_png,card_4_1_png,card_4_10_png,card_4_11_png,card_4_12_png,card_4_13_png,card_4_2_png,card_4_3_png,card_4_4_png,card_4_5_png,card_4_6_png,card_4_7_png,card_4_8_png,card_4_9_png,card_bg_png,pokerLayer_bankerWin_png,pokerLayer_playerWin_png,pokerLayer_tie_png,arrow_png,arrowLeft_png,bubble_png,bubble_new_png,chat_icon_png,chipLayer_cancel_png,chipLayer_one_unSelect_png,chipLayer_rightTop_png,chipLayer_select_png,chipLayer_sure_png,chipLayer_unSelect_png,chips_normal_01_png,chips_normal_02_png,chips_normal_03_png,chips_normal_04_png,chips_normal_05_png,chips_normal_06_png,chips_normal_07_png,chips_normal_08_png,chips_normal_09_png,chips_normal_10_png,chips_select_png,chips_select_01_png,chips_select_02_png,chips_select_03_png,chips_select_04_png,chips_select_05_png,chips_select_06_png,chips_select_07_png,chips_select_08_png,chips_select_09_png,chips_select_10_png,chips_setting_png,common_bg_png,info_balance_png,info_name_png,normalDlgCloseBtn_png,normalDlgTopBg_png,option_balance_png,option_bg_png,option_btn_png,option_client_png,option_exit_png,option_info_png,option_record_png,option_setting_png,otpionLayerH_bg_png,recording_png,roundBg1_png,setLayerV_tog_on_png,set_close_png,set_effect_png,set_en_png,set_icon_png,set_lang_png,set_music_png,set_super6_png,set_togBar_png,set_togBg_png,set_zh_png,setting_png,statusLayer_bg_png,status_begin_png,status_payout_png,status_poker_png,status_rest_png,status_shuffle_png,tanhaoIcon_png,top_bg_png,user_info_bg_png,video_bg_png,wifi_png,wifi_1_png,wifi_2_png,wifi_3_png,Ask_BigRoad_A_png,Ask_BigRoad_E_png,Ask_Cockcroach_A_png,Ask_Cockcroach_E_png,Bead_A_png,Bead_B_png,Bead_C_png,Bead_D_png,Bead_E_png,Bead_F_png,Bead_G_png,Bead_H_png,Bead_I_png,Bead_J_png,Bead_K_png,Bead_L_png,BigRoad_A_png,BigRoad_B_png,BigRoad_C_png,BigRoad_D_png,BigRoad_E_png,BigRoad_F_png,BigRoad_G_png,BigRoad_H_png,Cockcroach_A_png,Cockcroach_E_png,EN_a_png,EN_b_png,EN_c_png,EN_d_png,EN_e_png,EN_f_png,EN_g_png,EN_h_png,EN_i_png,EN_j_png,EN_k_png,EN_l_png,En_Dt_a_png,En_Dt_e_png,JY_A_png,JY_E_png,SMALL_A_png,SMALL_E_png,ZH_a_png,ZH_b_png,ZH_c_png,ZH_d_png,ZH_e_png,ZH_f_png,ZH_g_png,ZH_h_png,ZH_i_png,ZH_j_png,ZH_k_png,ZH_l_png,Zh_Dt_a_png,Zh_Dt_e_png,askRoadBankerBg_png,askRoadPlayerBg_png,rect_askRoad_new_png,road_bg_new_png,S1_png,S2_png,super6Text_png,tieSuper6_zh_png,horizon_bg_png",
			"name": "baccarat"
		},
		{
			"keys": "click_game_table_mp3,click_error_mp3,click_chips_mp3,click_bet_command_mp3,card_flip_mp3,bgmusic1_mp3,bgmusic_mp3,bet_stop_mp3,bet_start_mp3,banker_wins_mp3,win_mp3,select_chip_mp3,cards_dealing_mp3,add_chips_mp3,countdown_mp3,tie_mp3,player_wins_mp3,en_welcome_mp3,en_l_mp3,en_k_mp3,en_j_mp3,en_i_mp3,en_h_mp3,en_g_mp3,en_f_mp3,en_e_mp3,en_dt_e_mp3,en_dt_a_mp3,en_d_mp3,en_c_mp3,en_bet_stop_mp3,en_bet_start_mp3,en_b_mp3,en_a_mp3,en_9_mp3,en_8_mp3,en_7_mp3,en_6_mp3,en_5_mp3,en_4_mp3,en_36_mp3,en_35_mp3,en_34_mp3,en_33_mp3,en_32_mp3,en_31_mp3,en_30_mp3,en_3_mp3,en_29_mp3,en_28_mp3,en_27_mp3,en_26_mp3,en_25_mp3,en_24_mp3,en_23_mp3,en_22_mp3,en_21_mp3,en_20_mp3,en_2_mp3,en_19_mp3,en_18_mp3,en_17_mp3,en_16_mp3,en_15_mp3,en_14_mp3,en_13_mp3,en_12_mp3,en_11_mp3,en_10_mp3,en_1_mp3,en_0_mp3",
			"name": "sound"
		}
	],
	"resources": [
		{
			"url": "assets/CheckBox/checkbox_select_disabled.png",
			"type": "image",
			"name": "checkbox_select_disabled_png"
		},
		{
			"url": "assets/CheckBox/checkbox_select_down.png",
			"type": "image",
			"name": "checkbox_select_down_png"
		},
		{
			"url": "assets/CheckBox/checkbox_select_up.png",
			"type": "image",
			"name": "checkbox_select_up_png"
		},
		{
			"url": "assets/CheckBox/checkbox_unselect.png",
			"type": "image",
			"name": "checkbox_unselect_png"
		},
		{
			"url": "assets/ItemRenderer/selected.png",
			"type": "image",
			"name": "selected_png"
		},
		{
			"url": "assets/Panel/border.png",
			"type": "image",
			"name": "border_png"
		},
		{
			"url": "assets/Panel/header.png",
			"type": "image",
			"name": "header_png"
		},
		{
			"url": "assets/RadioButton/radiobutton_select_disabled.png",
			"type": "image",
			"name": "radiobutton_select_disabled_png"
		},
		{
			"url": "assets/RadioButton/radiobutton_select_down.png",
			"type": "image",
			"name": "radiobutton_select_down_png"
		},
		{
			"url": "assets/RadioButton/radiobutton_select_up.png",
			"type": "image",
			"name": "radiobutton_select_up_png"
		},
		{
			"url": "assets/RadioButton/radiobutton_unselect.png",
			"type": "image",
			"name": "radiobutton_unselect_png"
		},
		{
			"url": "assets/ScrollBar/roundthumb.png",
			"type": "image",
			"name": "roundthumb_png"
		},
		{
			"url": "assets/Slider/thumb.png",
			"type": "image",
			"name": "thumb_png"
		},
		{
			"url": "assets/Slider/track.png",
			"type": "image",
			"name": "track_png"
		},
		{
			"url": "assets/Slider/tracklight.png",
			"type": "image",
			"name": "tracklight_png"
		},
		{
			"url": "assets/ToggleSwitch/handle.png",
			"type": "image",
			"name": "handle_png"
		},
		{
			"url": "assets/ToggleSwitch/off.png",
			"type": "image",
			"name": "off_png"
		},
		{
			"url": "assets/ToggleSwitch/on.png",
			"type": "image",
			"name": "on_png"
		},
		{
			"url": "assets/Button/button_down.png",
			"type": "image",
			"name": "button_down_png"
		},
		{
			"url": "assets/Button/button_up.png",
			"type": "image",
			"name": "button_up_png"
		},
		{
			"url": "assets/ProgressBar/thumb_pb.png",
			"type": "image",
			"name": "thumb_pb_png"
		},
		{
			"url": "assets/ProgressBar/track_pb.png",
			"type": "image",
			"name": "track_pb_png"
		},
		{
			"url": "assets/ScrollBar/track_sb.png",
			"type": "image",
			"name": "track_sb_png"
		},
		{
			"url": "assets/bg.jpg",
			"type": "image",
			"name": "bg_jpg"
		},
		{
			"url": "assets/egret_icon.png",
			"type": "image",
			"name": "egret_icon_png"
		},
		{
			"url": "config/description.json",
			"type": "json",
			"name": "description_json"
		},
		{
			"url": "assets/Hall/ad.png",
			"type": "image",
			"name": "ad_png"
		},
		{
			"url": "assets/Hall/ad_bg.png",
			"type": "image",
			"name": "ad_bg_png"
		},
		{
			"url": "assets/Hall/ad_btn.png",
			"type": "image",
			"name": "ad_btn_png"
		},
		{
			"url": "assets/Hall/ad_line.png",
			"type": "image",
			"name": "ad_line_png"
		},
		{
			"url": "assets/Hall/ad_sl_iocn.png",
			"type": "image",
			"name": "ad_sl_iocn_png"
		},
		{
			"url": "assets/Hall/ad_sl_line.png",
			"type": "image",
			"name": "ad_sl_line_png"
		},
		{
			"url": "assets/Hall/app_dl_icon.png",
			"type": "image",
			"name": "app_dl_icon_png"
		},
		{
			"url": "assets/Hall/bz_btn1.png",
			"type": "image",
			"name": "bz_btn1_png"
		},
		{
			"url": "assets/Hall/bz_btn2.png",
			"type": "image",
			"name": "bz_btn2_png"
		},
		{
			"url": "assets/Hall/close_btn.png",
			"type": "image",
			"name": "close_btn_png"
		},
		{
			"url": "assets/Hall/close_sound_btn.png",
			"type": "image",
			"name": "close_sound_btn_png"
		},
		{
			"url": "assets/Hall/close_video_btn.png",
			"type": "image",
			"name": "close_video_btn_png"
		},
		{
			"url": "assets/Hall/dealer3.png",
			"type": "image",
			"name": "dealer3_png"
		},
		{
			"url": "assets/Hall/dealer4.png",
			"type": "image",
			"name": "dealer4_png"
		},
		{
			"url": "assets/Hall/dealer_1.png",
			"type": "image",
			"name": "dealer_1_png"
		},
		{
			"url": "assets/Hall/dealer_2.png",
			"type": "image",
			"name": "dealer_2_png"
		},
		{
			"url": "assets/Hall/dt_btn1.png",
			"type": "image",
			"name": "dt_btn1_png"
		},
		{
			"url": "assets/Hall/dt_btn2.png",
			"type": "image",
			"name": "dt_btn2_png"
		},
		{
			"url": "assets/Hall/edit_btn.png",
			"type": "image",
			"name": "edit_btn_png"
		},
		{
			"url": "assets/Hall/edit_line.png",
			"type": "image",
			"name": "edit_line_png"
		},
		{
			"url": "assets/Hall/enter_game_btn.png",
			"type": "image",
			"name": "enter_game_btn_png"
		},
		{
			"url": "assets/Hall/game_name.png",
			"type": "image",
			"name": "game_name_png"
		},
		{
			"url": "assets/Hall/game_rules.png",
			"type": "image",
			"name": "game_rules_png"
		},
		{
			"url": "assets/Hall/get_vip_btn.png",
			"type": "image",
			"name": "get_vip_btn_png"
		},
		{
			"url": "assets/Hall/hall_bg.png",
			"type": "image",
			"name": "hall_bg_png"
		},
		{
			"url": "assets/Hall/head_vip_icon.png",
			"type": "image",
			"name": "head_vip_icon_png"
		},
		{
			"url": "assets/Hall/item_bg.png",
			"type": "image",
			"name": "item_bg_png"
		},
		{
			"url": "assets/Hall/item_di_bg.png",
			"type": "image",
			"name": "item_di_bg_png"
		},
		{
			"url": "assets/Hall/item_top_bg.png",
			"type": "image",
			"name": "item_top_bg_png"
		},
		{
			"url": "assets/Hall/jdb_btn1.png",
			"type": "image",
			"name": "jdb_btn1_png"
		},
		{
			"url": "assets/Hall/jdb_btn2.png",
			"type": "image",
			"name": "jdb_btn2_png"
		},
		{
			"url": "assets/Hall/jdl_btn1.png",
			"type": "image",
			"name": "jdl_btn1_png"
		},
		{
			"url": "assets/Hall/jdl_btn2.png",
			"type": "image",
			"name": "jdl_btn2_png"
		},
		{
			"url": "assets/Hall/jm_btn1.png",
			"type": "image",
			"name": "jm_btn1_png"
		},
		{
			"url": "assets/Hall/jm_btn2.png",
			"type": "image",
			"name": "jm_btn2_png"
		},
		{
			"url": "assets/Hall/king_icon.png",
			"type": "image",
			"name": "king_icon_png"
		},
		{
			"url": "assets/Hall/laddy_bg.png",
			"type": "image",
			"name": "laddy_bg_png"
		},
		{
			"url": "assets/Hall/laddy_bottom_icon.png",
			"type": "image",
			"name": "laddy_bottom_icon_png"
		},
		{
			"url": "assets/Hall/left_bg.png",
			"type": "image",
			"name": "left_bg_png"
		},
		{
			"url": "assets/Hall/limit_bg.png",
			"type": "image",
			"name": "limit_bg_png"
		},
		{
			"url": "assets/Hall/limit_btn.png",
			"type": "image",
			"name": "limit_btn_png"
		},
		{
			"url": "assets/Hall/limit_btn1.png",
			"type": "image",
			"name": "limit_btn1_png"
		},
		{
			"url": "assets/Hall/limit_btn2.png",
			"type": "image",
			"name": "limit_btn2_png"
		},
		{
			"url": "assets/Hall/name_game_bg.png",
			"type": "image",
			"name": "name_game_bg_png"
		},
		{
			"url": "assets/Hall/nomal_item_bg.png",
			"type": "image",
			"name": "nomal_item_bg_png"
		},
		{
			"url": "assets/Hall/notice_bg.png",
			"type": "image",
			"name": "notice_bg_png"
		},
		{
			"url": "assets/Hall/num_coin.png",
			"type": "image",
			"name": "num_coin_png"
		},
		{
			"url": "assets/Hall/num_player.png",
			"type": "image",
			"name": "num_player_png"
		},
		{
			"url": "assets/Hall/other_rod.png",
			"type": "image",
			"name": "other_rod_png"
		},
		{
			"url": "assets/Hall/phone_btn.png",
			"type": "image",
			"name": "phone_btn_png"
		},
		{
			"url": "assets/Hall/recharge_btn.png",
			"type": "image",
			"name": "recharge_btn_png"
		},
		{
			"url": "assets/Hall/rigth_btn.png",
			"type": "image",
			"name": "rigth_btn_png"
		},
		{
			"url": "assets/Hall/setting_btn.png",
			"type": "image",
			"name": "setting_btn_png"
		},
		{
			"url": "assets/Hall/sound_btn.png",
			"type": "image",
			"name": "sound_btn_png"
		},
		{
			"url": "assets/Hall/sound_close.png",
			"type": "image",
			"name": "sound_close_png"
		},
		{
			"url": "assets/Hall/tips_light.png",
			"type": "image",
			"name": "tips_light_png"
		},
		{
			"url": "assets/Hall/uer_c_bg.png",
			"type": "image",
			"name": "uer_c_bg_png"
		},
		{
			"url": "assets/Hall/user_bg.png",
			"type": "image",
			"name": "user_bg_png"
		},
		{
			"url": "assets/Hall/video_btn.png",
			"type": "image",
			"name": "video_btn_png"
		},
		{
			"url": "assets/Hall/vip_icon.png",
			"type": "image",
			"name": "vip_icon_png"
		},
		{
			"url": "assets/Hall/wallet_icon.png",
			"type": "image",
			"name": "wallet_icon_png"
		},
		{
			"url": "assets/Hall/whiteBg.png",
			"type": "image",
			"name": "whiteBg_png"
		},
		{
			"url": "assets/Hall/zoom_btn.png",
			"type": "image",
			"name": "zoom_btn_png"
		},
		{
			"url": "assets/Hall/zz_rod_bg.png",
			"type": "image",
			"name": "zz_rod_bg_png"
		},
		{
			"url": "assets/Hall/black_bg.png",
			"type": "image",
			"name": "black_bg_png"
		},
		{
			"url": "assets/Hall/gdTips/goodTips1.png",
			"type": "image",
			"name": "goodTips1_png"
		},
		{
			"url": "assets/Hall/gdTips/goodTips1_en.png",
			"type": "image",
			"name": "goodTips1_en_png"
		},
		{
			"url": "assets/Hall/gdTips/goodTips2.png",
			"type": "image",
			"name": "goodTips2_png"
		},
		{
			"url": "assets/Hall/gdTips/goodTips2_en.png",
			"type": "image",
			"name": "goodTips2_en_png"
		},
		{
			"url": "assets/Hall/gdTips/goodTips3.png",
			"type": "image",
			"name": "goodTips3_png"
		},
		{
			"url": "assets/Hall/gdTips/goodTips3_en.png",
			"type": "image",
			"name": "goodTips3_en_png"
		},
		{
			"url": "assets/Hall/gdTips/goodTips4.png",
			"type": "image",
			"name": "goodTips4_png"
		},
		{
			"url": "assets/Hall/gdTips/goodTips4_en.png",
			"type": "image",
			"name": "goodTips4_en_png"
		},
		{
			"url": "assets/Hall/gdTips/goodTips5.png",
			"type": "image",
			"name": "goodTips5_png"
		},
		{
			"url": "assets/Hall/gdTips/goodTips5_en.png",
			"type": "image",
			"name": "goodTips5_en_png"
		},
		{
			"url": "assets/Hall/gdTips/goodTips6.png",
			"type": "image",
			"name": "goodTips6_png"
		},
		{
			"url": "assets/Hall/gdTips/goodTips6_en.png",
			"type": "image",
			"name": "goodTips6_en_png"
		},
		{
			"url": "assets/Hall/gdTips/goodTips7.png",
			"type": "image",
			"name": "goodTips7_png"
		},
		{
			"url": "assets/Hall/gdTips/goodTips7_en.png",
			"type": "image",
			"name": "goodTips7_en_png"
		},
		{
			"url": "assets/Hall/gdTips/goodTips8.png",
			"type": "image",
			"name": "goodTips8_png"
		},
		{
			"url": "assets/Hall/gdTips/goodTips8_en.png",
			"type": "image",
			"name": "goodTips8_en_png"
		},
		{
			"url": "assets/Hall/gdTips/goodTipsDt1.png",
			"type": "image",
			"name": "goodTipsDt1_png"
		},
		{
			"url": "assets/Hall/gdTips/goodTipsDt2.png",
			"type": "image",
			"name": "goodTipsDt2_png"
		},
		{
			"url": "assets/Hall/moblieHall/Item_bg_1.png",
			"type": "image",
			"name": "Item_bg_1_png"
		},
		{
			"url": "assets/Hall/moblieHall/bg.png",
			"type": "image",
			"name": "bg_png"
		},
		{
			"url": "assets/Hall/moblieHall/bjl_btn1.png",
			"type": "image",
			"name": "bjl_btn1_png"
		},
		{
			"url": "assets/Hall/moblieHall/bjl_btn2.png",
			"type": "image",
			"name": "bjl_btn2_png"
		},
		{
			"url": "assets/Hall/moblieHall/bottom_bg.png",
			"type": "image",
			"name": "bottom_bg_png"
		},
		{
			"url": "assets/Hall/moblieHall/bottom_btn.png",
			"type": "image",
			"name": "bottom_btn_png"
		},
		{
			"url": "assets/Hall/moblieHall/bzbjl_btn1.png",
			"type": "image",
			"name": "bzbjl_btn1_png"
		},
		{
			"url": "assets/Hall/moblieHall/bzbjl_btn2.png",
			"type": "image",
			"name": "bzbjl_btn2_png"
		},
		{
			"url": "assets/Hall/moblieHall/chose_btn.png",
			"type": "image",
			"name": "chose_btn_png"
		},
		{
			"url": "assets/Hall/moblieHall/dtbjl_btn1.png",
			"type": "image",
			"name": "dtbjl_btn1_png"
		},
		{
			"url": "assets/Hall/moblieHall/dtbjl_btn2.png",
			"type": "image",
			"name": "dtbjl_btn2_png"
		},
		{
			"url": "assets/Hall/moblieHall/game_name_bg.png",
			"type": "image",
			"name": "game_name_bg_png"
		},
		{
			"url": "assets/Hall/moblieHall/gold_icon.png",
			"type": "image",
			"name": "gold_icon_png"
		},
		{
			"url": "assets/Hall/moblieHall/head_icon.png",
			"type": "image",
			"name": "head_icon_png"
		},
		{
			"url": "assets/Hall/moblieHall/item_point_bg.png",
			"type": "image",
			"name": "item_point_bg_png"
		},
		{
			"url": "assets/Hall/moblieHall/jmbjl_btn.png",
			"type": "image",
			"name": "jmbjl_btn_png"
		},
		{
			"url": "assets/Hall/moblieHall/jmbjl_btn2.png",
			"type": "image",
			"name": "jmbjl_btn2_png"
		},
		{
			"url": "assets/Hall/moblieHall/laddy_icon.png",
			"type": "image",
			"name": "laddy_icon_png"
		},
		{
			"url": "assets/Hall/moblieHall/left_btn.png",
			"type": "image",
			"name": "left_btn_png"
		},
		{
			"url": "assets/Hall/moblieHall/lp_btn1.png",
			"type": "image",
			"name": "lp_btn1_png"
		},
		{
			"url": "assets/Hall/moblieHall/lp_btn2.png",
			"type": "image",
			"name": "lp_btn2_png"
		},
		{
			"url": "assets/Hall/moblieHall/m_close_sound_btn.png",
			"type": "image",
			"name": "m_close_sound_btn_png"
		},
		{
			"url": "assets/Hall/moblieHall/m_close_video.png",
			"type": "image",
			"name": "m_close_video_png"
		},
		{
			"url": "assets/Hall/moblieHall/m_game_name.png",
			"type": "image",
			"name": "m_game_name_png"
		},
		{
			"url": "assets/Hall/moblieHall/m_laddy_bg.png",
			"type": "image",
			"name": "m_laddy_bg_png"
		},
		{
			"url": "assets/Hall/moblieHall/m_left_bg.png",
			"type": "image",
			"name": "m_left_bg_png"
		},
		{
			"url": "assets/Hall/moblieHall/m_phone_btn.png",
			"type": "image",
			"name": "m_phone_btn_png"
		},
		{
			"url": "assets/Hall/moblieHall/m_setting_btn.png",
			"type": "image",
			"name": "m_setting_btn_png"
		},
		{
			"url": "assets/Hall/moblieHall/m_sound_btn.png",
			"type": "image",
			"name": "m_sound_btn_png"
		},
		{
			"url": "assets/Hall/moblieHall/m_video_btn.png",
			"type": "image",
			"name": "m_video_btn_png"
		},
		{
			"url": "assets/Hall/moblieHall/mhead2.png",
			"type": "image",
			"name": "mhead2_png"
		},
		{
			"url": "assets/Hall/moblieHall/mhead3.png",
			"type": "image",
			"name": "mhead3_png"
		},
		{
			"url": "assets/Hall/moblieHall/mhead4.png",
			"type": "image",
			"name": "mhead4_png"
		},
		{
			"url": "assets/Hall/moblieHall/mhead_1.png",
			"type": "image",
			"name": "mhead_1_png"
		},
		{
			"url": "assets/Hall/moblieHall/point_bg.png",
			"type": "image",
			"name": "point_bg_png"
		},
		{
			"url": "assets/Hall/moblieHall/rechange_btn.png",
			"type": "image",
			"name": "rechange_btn_png"
		},
		{
			"url": "assets/Hall/moblieHall/right_btn.png",
			"type": "image",
			"name": "right_btn_png"
		},
		{
			"url": "assets/Hall/moblieHall/rule_btn.png",
			"type": "image",
			"name": "rule_btn_png"
		},
		{
			"url": "assets/Hall/moblieHall/tips_bg.png",
			"type": "image",
			"name": "tips_bg_png"
		},
		{
			"url": "assets/Hall/moblieHall/tips_icon.png",
			"type": "image",
			"name": "tips_icon_png"
		},
		{
			"url": "assets/Hall/moblieHall/top_user_bg.png",
			"type": "image",
			"name": "top_user_bg_png"
		},
		{
			"url": "assets/Hall/moblieHall/user_icon.png",
			"type": "image",
			"name": "user_icon_png"
		},
		{
			"url": "assets/Hall/moblieHall/vip_btn.png",
			"type": "image",
			"name": "vip_btn_png"
		},
		{
			"url": "assets/common/chat/bottom_chat_bg.png",
			"type": "image",
			"name": "bottom_chat_bg_png"
		},
		{
			"url": "assets/common/chat/bq_icon.png",
			"type": "image",
			"name": "bq_icon_png"
		},
		{
			"url": "assets/common/chat/c_close_btn.png",
			"type": "image",
			"name": "c_close_btn_png"
		},
		{
			"url": "assets/common/chat/c_whiteBg.png",
			"type": "image",
			"name": "c_whiteBg_png"
		},
		{
			"url": "assets/common/chat/c_zoom_btn.png",
			"type": "image",
			"name": "c_zoom_btn_png"
		},
		{
			"url": "assets/common/chat/chat_bg.png",
			"type": "image",
			"name": "chat_bg_png"
		},
		{
			"url": "assets/common/chat/chat_close.png",
			"type": "image",
			"name": "chat_close_png"
		},
		{
			"url": "assets/common/chat/down.png",
			"type": "image",
			"name": "down_png"
		},
		{
			"url": "assets/common/chat/emojiBg.png",
			"type": "image",
			"name": "emojiBg_png"
		},
		{
			"url": "assets/common/chat/expression.png",
			"type": "image",
			"name": "expression_png"
		},
		{
			"url": "assets/common/chat/m_chat_bg.png",
			"type": "image",
			"name": "m_chat_bg_png"
		},
		{
			"url": "assets/common/chat/m_chat_bg2.png",
			"type": "image",
			"name": "m_chat_bg2_png"
		},
		{
			"url": "assets/common/chat/send.png",
			"type": "image",
			"name": "send_png"
		},
		{
			"url": "assets/common/chat/send_btn.png",
			"type": "image",
			"name": "send_btn_png"
		},
		{
			"url": "assets/common/chat/text_bg.png",
			"type": "image",
			"name": "text_bg_png"
		},
		{
			"url": "assets/common/chat/top_btn.png",
			"type": "image",
			"name": "top_btn_png"
		},
		{
			"url": "assets/common/chat/top_btn2.png",
			"type": "image",
			"name": "top_btn2_png"
		},
		{
			"url": "assets/common/chat/up.png",
			"type": "image",
			"name": "up_png"
		},
		{
			"url": "json/simple.json",
			"type": "json",
			"name": "simple_json"
		},
		{
			"url": "config/global.json",
			"type": "json",
			"name": "global_json"
		},
		{
			"url": "json/Lang.json",
			"type": "json",
			"name": "Lang_json"
		},
		{
			"url": "font/bjl_nums_0.png",
			"type": "image",
			"name": "bjl_nums_0_png"
		},
		{
			"url": "font/bjl_nums.fnt",
			"type": "font",
			"name": "bjl_nums_fnt"
		},
		{
			"url": "assets/common/common_label_bg.png",
			"type": "image",
			"name": "common_label_bg_png"
		},
		{
			"url": "json/baccaratResult.json",
			"type": "json",
			"name": "baccaratResult_json"
		},
		{
			"url": "assets/Baccarat/bac/bankeWin.png",
			"type": "image",
			"name": "bankeWin_png"
		},
		{
			"url": "assets/Baccarat/bac/bankerBg.png",
			"type": "image",
			"name": "bankerBg_png"
		},
		{
			"url": "assets/Baccarat/bac/chipLayer_bg.png",
			"type": "image",
			"name": "chipLayer_bg_png"
		},
		{
			"url": "assets/Baccarat/bac/confirmLayer_cancel_disable.png",
			"type": "image",
			"name": "confirmLayer_cancel_disable_png"
		},
		{
			"url": "assets/Baccarat/bac/confirmLayer_cancel_normal.png",
			"type": "image",
			"name": "confirmLayer_cancel_normal_png"
		},
		{
			"url": "assets/Baccarat/bac/confirmLayer_cancel_press.png",
			"type": "image",
			"name": "confirmLayer_cancel_press_png"
		},
		{
			"url": "assets/Baccarat/bac/confirmLayer_confirm_disable.png",
			"type": "image",
			"name": "confirmLayer_confirm_disable_png"
		},
		{
			"url": "assets/Baccarat/bac/confirmLayer_confirm_normal.png",
			"type": "image",
			"name": "confirmLayer_confirm_normal_png"
		},
		{
			"url": "assets/Baccarat/bac/confirmLayer_confirm_press.png",
			"type": "image",
			"name": "confirmLayer_confirm_press_png"
		},
		{
			"url": "assets/Baccarat/bac/confirmLayer_rebet_disable.png",
			"type": "image",
			"name": "confirmLayer_rebet_disable_png"
		},
		{
			"url": "assets/Baccarat/bac/confirmLayer_rebet_normal.png",
			"type": "image",
			"name": "confirmLayer_rebet_normal_png"
		},
		{
			"url": "assets/Baccarat/bac/confirmLayer_rebet_press.png",
			"type": "image",
			"name": "confirmLayer_rebet_press_png"
		},
		{
			"url": "assets/Baccarat/bac/mobile_betLayer_bg.png",
			"type": "image",
			"name": "mobile_betLayer_bg_png"
		},
		{
			"url": "assets/Baccarat/bac/playerBg.png",
			"type": "image",
			"name": "playerBg_png"
		},
		{
			"url": "assets/Baccarat/bac/playerWin.png",
			"type": "image",
			"name": "playerWin_png"
		},
		{
			"url": "assets/Baccarat/bac/pokerLayer_bg.png",
			"type": "image",
			"name": "pokerLayer_bg_png"
		},
		{
			"url": "assets/Baccarat/bac/roadBg_new_2.png",
			"type": "image",
			"name": "roadBg_new_2_png"
		},
		{
			"url": "assets/Baccarat/bac/roadLayer_bg_new.png",
			"type": "image",
			"name": "roadLayer_bg_new_png"
		},
		{
			"url": "assets/Baccarat/bac/roadlayer_bg_new_2.png",
			"type": "image",
			"name": "roadlayer_bg_new_2_png"
		},
		{
			"url": "assets/Baccarat/bac/roomLayer_bg.png",
			"type": "image",
			"name": "roomLayer_bg_png"
		},
		{
			"url": "assets/Baccarat/bac/roomLayer_btn.png",
			"type": "image",
			"name": "roomLayer_btn_png"
		},
		{
			"url": "assets/Baccarat/bac/roomLayer_icon1.png",
			"type": "image",
			"name": "roomLayer_icon1_png"
		},
		{
			"url": "assets/Baccarat/bac/roomLayer_icon2.png",
			"type": "image",
			"name": "roomLayer_icon2_png"
		},
		{
			"url": "assets/Baccarat/bac/roomLayer_icon3.png",
			"type": "image",
			"name": "roomLayer_icon3_png"
		},
		{
			"url": "assets/Baccarat/bac/roomLayer_label_bg.png",
			"type": "image",
			"name": "roomLayer_label_bg_png"
		},
		{
			"url": "assets/Baccarat/bac/roomLayer_room_select.png",
			"type": "image",
			"name": "roomLayer_room_select_png"
		},
		{
			"url": "assets/Baccarat/bac/roomLayer_select.png",
			"type": "image",
			"name": "roomLayer_select_png"
		},
		{
			"url": "assets/Baccarat/bac/roomLayer_select2.png",
			"type": "image",
			"name": "roomLayer_select2_png"
		},
		{
			"url": "assets/Baccarat/bac/roomLayer_select_bg.png",
			"type": "image",
			"name": "roomLayer_select_bg_png"
		},
		{
			"url": "assets/Baccarat/bac/tieWin.png",
			"type": "image",
			"name": "tieWin_png"
		},
		{
			"url": "assets/Baccarat/bac/video_update.png",
			"type": "image",
			"name": "video_update_png"
		},
		{
			"url": "assets/Baccarat/betArea/betArea_bottom1.png",
			"type": "image",
			"name": "betArea_bottom1_png"
		},
		{
			"url": "assets/Baccarat/betArea/betArea_bottom2.png",
			"type": "image",
			"name": "betArea_bottom2_png"
		},
		{
			"url": "assets/Baccarat/betArea/betArea_bottom3.png",
			"type": "image",
			"name": "betArea_bottom3_png"
		},
		{
			"url": "assets/Baccarat/betArea/betArea_bottom4.png",
			"type": "image",
			"name": "betArea_bottom4_png"
		},
		{
			"url": "assets/Baccarat/betArea/betArea_mid1.png",
			"type": "image",
			"name": "betArea_mid1_png"
		},
		{
			"url": "assets/Baccarat/betArea/betArea_mid2.png",
			"type": "image",
			"name": "betArea_mid2_png"
		},
		{
			"url": "assets/Baccarat/betArea/betArea_top1.png",
			"type": "image",
			"name": "betArea_top1_png"
		},
		{
			"url": "assets/Baccarat/betArea/betArea_top2.png",
			"type": "image",
			"name": "betArea_top2_png"
		},
		{
			"url": "assets/Baccarat/betArea/betArea_top3.png",
			"type": "image",
			"name": "betArea_top3_png"
		},
		{
			"url": "assets/Baccarat/betArea/betLayer_anyPair.png",
			"type": "image",
			"name": "betLayer_anyPair_png"
		},
		{
			"url": "assets/Baccarat/betArea/betLayer_banker.png",
			"type": "image",
			"name": "betLayer_banker_png"
		},
		{
			"url": "assets/Baccarat/betArea/betLayer_bankerPair.png",
			"type": "image",
			"name": "betLayer_bankerPair_png"
		},
		{
			"url": "assets/Baccarat/betArea/betLayer_bet.png",
			"type": "image",
			"name": "betLayer_bet_png"
		},
		{
			"url": "assets/Baccarat/betArea/betLayer_big.png",
			"type": "image",
			"name": "betLayer_big_png"
		},
		{
			"url": "assets/Baccarat/betArea/betLayer_perfectPair.png",
			"type": "image",
			"name": "betLayer_perfectPair_png"
		},
		{
			"url": "assets/Baccarat/betArea/betLayer_player.png",
			"type": "image",
			"name": "betLayer_player_png"
		},
		{
			"url": "assets/Baccarat/betArea/betLayer_playerPair.png",
			"type": "image",
			"name": "betLayer_playerPair_png"
		},
		{
			"url": "assets/Baccarat/betArea/betLayer_small.png",
			"type": "image",
			"name": "betLayer_small_png"
		},
		{
			"url": "assets/Baccarat/betArea/betLayer_tie.png",
			"type": "image",
			"name": "betLayer_tie_png"
		},
		{
			"url": "assets/Baccarat/betArea/betLayer_user.png",
			"type": "image",
			"name": "betLayer_user_png"
		},
		{
			"url": "assets/Baccarat/betArea/betLayer_userBg.png",
			"type": "image",
			"name": "betLayer_userBg_png"
		},
		{
			"url": "assets/Baccarat/betArea/btn_bg_new.png",
			"type": "image",
			"name": "btn_bg_new_png"
		},
		{
			"url": "assets/Baccarat/betArea/mouseMove_1.png",
			"type": "image",
			"name": "mouseMove_1_png"
		},
		{
			"url": "assets/Baccarat/betArea/mouseMove_2.png",
			"type": "image",
			"name": "mouseMove_2_png"
		},
		{
			"url": "assets/Baccarat/betArea/mouseMove_3.png",
			"type": "image",
			"name": "mouseMove_3_png"
		},
		{
			"url": "assets/Baccarat/betArea/mouseMove_5.png",
			"type": "image",
			"name": "mouseMove_5_png"
		},
		{
			"url": "assets/Baccarat/betArea/mouseMove_6.png",
			"type": "image",
			"name": "mouseMove_6_png"
		},
		{
			"url": "assets/Baccarat/betArea/mouseMove_7.png",
			"type": "image",
			"name": "mouseMove_7_png"
		},
		{
			"url": "assets/Baccarat/betArea/mouseMove_8.png",
			"type": "image",
			"name": "mouseMove_8_png"
		},
		{
			"url": "assets/Baccarat/betArea/mouseMove_anyPair.png",
			"type": "image",
			"name": "mouseMove_anyPair_png"
		},
		{
			"url": "assets/Baccarat/betArea/mouseMove_banker.png",
			"type": "image",
			"name": "mouseMove_banker_png"
		},
		{
			"url": "assets/Baccarat/betArea/mouseMove_bankerPair.png",
			"type": "image",
			"name": "mouseMove_bankerPair_png"
		},
		{
			"url": "assets/Baccarat/betArea/mouseMove_big.png",
			"type": "image",
			"name": "mouseMove_big_png"
		},
		{
			"url": "assets/Baccarat/betArea/mouseMove_perfectPair.png",
			"type": "image",
			"name": "mouseMove_perfectPair_png"
		},
		{
			"url": "assets/Baccarat/betArea/mouseMove_player.png",
			"type": "image",
			"name": "mouseMove_player_png"
		},
		{
			"url": "assets/Baccarat/betArea/mouseMove_playerPair.png",
			"type": "image",
			"name": "mouseMove_playerPair_png"
		},
		{
			"url": "assets/Baccarat/betArea/mouseMove_small.png",
			"type": "image",
			"name": "mouseMove_small_png"
		},
		{
			"url": "assets/Baccarat/betArea/mouseMove_tie.png",
			"type": "image",
			"name": "mouseMove_tie_png"
		},
		{
			"url": "assets/Baccarat/betArea/userPos_1.png",
			"type": "image",
			"name": "userPos_1_png"
		},
		{
			"url": "assets/Baccarat/betArea/userPos_2.png",
			"type": "image",
			"name": "userPos_2_png"
		},
		{
			"url": "assets/Baccarat/betArea/userPos_3.png",
			"type": "image",
			"name": "userPos_3_png"
		},
		{
			"url": "assets/Baccarat/betArea/userPos_5.png",
			"type": "image",
			"name": "userPos_5_png"
		},
		{
			"url": "assets/Baccarat/betArea/userPos_6.png",
			"type": "image",
			"name": "userPos_6_png"
		},
		{
			"url": "assets/Baccarat/betArea/userPos_7.png",
			"type": "image",
			"name": "userPos_7_png"
		},
		{
			"url": "assets/Baccarat/betArea/userPos_8.png",
			"type": "image",
			"name": "userPos_8_png"
		},
		{
			"url": "assets/Baccarat/record/icon_record.png",
			"type": "image",
			"name": "icon_record_png"
		},
		{
			"url": "assets/Baccarat/record/record_arrow.png",
			"type": "image",
			"name": "record_arrow_png"
		},
		{
			"url": "assets/Baccarat/record/record_rect.png",
			"type": "image",
			"name": "record_rect_png"
		},
		{
			"url": "assets/Baccarat/record/report_submit.png",
			"type": "image",
			"name": "report_submit_png"
		},
		{
			"url": "assets/Baccarat/record/rule_top.png",
			"type": "image",
			"name": "rule_top_png"
		},
		{
			"url": "assets/Baccarat/card/card_1_1.png",
			"type": "image",
			"name": "card_1_1_png"
		},
		{
			"url": "assets/Baccarat/card/card_1_10.png",
			"type": "image",
			"name": "card_1_10_png"
		},
		{
			"url": "assets/Baccarat/card/card_1_11.png",
			"type": "image",
			"name": "card_1_11_png"
		},
		{
			"url": "assets/Baccarat/card/card_1_12.png",
			"type": "image",
			"name": "card_1_12_png"
		},
		{
			"url": "assets/Baccarat/card/card_1_13.png",
			"type": "image",
			"name": "card_1_13_png"
		},
		{
			"url": "assets/Baccarat/card/card_1_2.png",
			"type": "image",
			"name": "card_1_2_png"
		},
		{
			"url": "assets/Baccarat/card/card_1_3.png",
			"type": "image",
			"name": "card_1_3_png"
		},
		{
			"url": "assets/Baccarat/card/card_1_4.png",
			"type": "image",
			"name": "card_1_4_png"
		},
		{
			"url": "assets/Baccarat/card/card_1_5.png",
			"type": "image",
			"name": "card_1_5_png"
		},
		{
			"url": "assets/Baccarat/card/card_1_6.png",
			"type": "image",
			"name": "card_1_6_png"
		},
		{
			"url": "assets/Baccarat/card/card_1_7.png",
			"type": "image",
			"name": "card_1_7_png"
		},
		{
			"url": "assets/Baccarat/card/card_1_8.png",
			"type": "image",
			"name": "card_1_8_png"
		},
		{
			"url": "assets/Baccarat/card/card_1_9.png",
			"type": "image",
			"name": "card_1_9_png"
		},
		{
			"url": "assets/Baccarat/card/card_2_1.png",
			"type": "image",
			"name": "card_2_1_png"
		},
		{
			"url": "assets/Baccarat/card/card_2_10.png",
			"type": "image",
			"name": "card_2_10_png"
		},
		{
			"url": "assets/Baccarat/card/card_2_11.png",
			"type": "image",
			"name": "card_2_11_png"
		},
		{
			"url": "assets/Baccarat/card/card_2_12.png",
			"type": "image",
			"name": "card_2_12_png"
		},
		{
			"url": "assets/Baccarat/card/card_2_13.png",
			"type": "image",
			"name": "card_2_13_png"
		},
		{
			"url": "assets/Baccarat/card/card_2_2.png",
			"type": "image",
			"name": "card_2_2_png"
		},
		{
			"url": "assets/Baccarat/card/card_2_3.png",
			"type": "image",
			"name": "card_2_3_png"
		},
		{
			"url": "assets/Baccarat/card/card_2_4.png",
			"type": "image",
			"name": "card_2_4_png"
		},
		{
			"url": "assets/Baccarat/card/card_2_5.png",
			"type": "image",
			"name": "card_2_5_png"
		},
		{
			"url": "assets/Baccarat/card/card_2_6.png",
			"type": "image",
			"name": "card_2_6_png"
		},
		{
			"url": "assets/Baccarat/card/card_2_7.png",
			"type": "image",
			"name": "card_2_7_png"
		},
		{
			"url": "assets/Baccarat/card/card_2_8.png",
			"type": "image",
			"name": "card_2_8_png"
		},
		{
			"url": "assets/Baccarat/card/card_2_9.png",
			"type": "image",
			"name": "card_2_9_png"
		},
		{
			"url": "assets/Baccarat/card/card_3_1.png",
			"type": "image",
			"name": "card_3_1_png"
		},
		{
			"url": "assets/Baccarat/card/card_3_10.png",
			"type": "image",
			"name": "card_3_10_png"
		},
		{
			"url": "assets/Baccarat/card/card_3_11.png",
			"type": "image",
			"name": "card_3_11_png"
		},
		{
			"url": "assets/Baccarat/card/card_3_12.png",
			"type": "image",
			"name": "card_3_12_png"
		},
		{
			"url": "assets/Baccarat/card/card_3_13.png",
			"type": "image",
			"name": "card_3_13_png"
		},
		{
			"url": "assets/Baccarat/card/card_3_2.png",
			"type": "image",
			"name": "card_3_2_png"
		},
		{
			"url": "assets/Baccarat/card/card_3_3.png",
			"type": "image",
			"name": "card_3_3_png"
		},
		{
			"url": "assets/Baccarat/card/card_3_4.png",
			"type": "image",
			"name": "card_3_4_png"
		},
		{
			"url": "assets/Baccarat/card/card_3_5.png",
			"type": "image",
			"name": "card_3_5_png"
		},
		{
			"url": "assets/Baccarat/card/card_3_6.png",
			"type": "image",
			"name": "card_3_6_png"
		},
		{
			"url": "assets/Baccarat/card/card_3_7.png",
			"type": "image",
			"name": "card_3_7_png"
		},
		{
			"url": "assets/Baccarat/card/card_3_8.png",
			"type": "image",
			"name": "card_3_8_png"
		},
		{
			"url": "assets/Baccarat/card/card_3_9.png",
			"type": "image",
			"name": "card_3_9_png"
		},
		{
			"url": "assets/Baccarat/card/card_4_1.png",
			"type": "image",
			"name": "card_4_1_png"
		},
		{
			"url": "assets/Baccarat/card/card_4_10.png",
			"type": "image",
			"name": "card_4_10_png"
		},
		{
			"url": "assets/Baccarat/card/card_4_11.png",
			"type": "image",
			"name": "card_4_11_png"
		},
		{
			"url": "assets/Baccarat/card/card_4_12.png",
			"type": "image",
			"name": "card_4_12_png"
		},
		{
			"url": "assets/Baccarat/card/card_4_13.png",
			"type": "image",
			"name": "card_4_13_png"
		},
		{
			"url": "assets/Baccarat/card/card_4_2.png",
			"type": "image",
			"name": "card_4_2_png"
		},
		{
			"url": "assets/Baccarat/card/card_4_3.png",
			"type": "image",
			"name": "card_4_3_png"
		},
		{
			"url": "assets/Baccarat/card/card_4_4.png",
			"type": "image",
			"name": "card_4_4_png"
		},
		{
			"url": "assets/Baccarat/card/card_4_5.png",
			"type": "image",
			"name": "card_4_5_png"
		},
		{
			"url": "assets/Baccarat/card/card_4_6.png",
			"type": "image",
			"name": "card_4_6_png"
		},
		{
			"url": "assets/Baccarat/card/card_4_7.png",
			"type": "image",
			"name": "card_4_7_png"
		},
		{
			"url": "assets/Baccarat/card/card_4_8.png",
			"type": "image",
			"name": "card_4_8_png"
		},
		{
			"url": "assets/Baccarat/card/card_4_9.png",
			"type": "image",
			"name": "card_4_9_png"
		},
		{
			"url": "assets/Baccarat/card/card_bg.png",
			"type": "image",
			"name": "card_bg_png"
		},
		{
			"url": "assets/Baccarat/card/pokerLayer_bankerWin.png",
			"type": "image",
			"name": "pokerLayer_bankerWin_png"
		},
		{
			"url": "assets/Baccarat/card/pokerLayer_playerWin.png",
			"type": "image",
			"name": "pokerLayer_playerWin_png"
		},
		{
			"url": "assets/Baccarat/card/pokerLayer_tie.png",
			"type": "image",
			"name": "pokerLayer_tie_png"
		},
		{
			"url": "assets/Baccarat/common/arrow.png",
			"type": "image",
			"name": "arrow_png"
		},
		{
			"url": "assets/Baccarat/common/arrowLeft.png",
			"type": "image",
			"name": "arrowLeft_png"
		},
		{
			"url": "assets/Baccarat/common/bubble.png",
			"type": "image",
			"name": "bubble_png"
		},
		{
			"url": "assets/Baccarat/common/bubble_new.png",
			"type": "image",
			"name": "bubble_new_png"
		},
		{
			"url": "assets/Baccarat/common/chat_icon.png",
			"type": "image",
			"name": "chat_icon_png"
		},
		{
			"url": "assets/Baccarat/common/chipLayer_cancel.png",
			"type": "image",
			"name": "chipLayer_cancel_png"
		},
		{
			"url": "assets/Baccarat/common/chipLayer_one_unSelect.png",
			"type": "image",
			"name": "chipLayer_one_unSelect_png"
		},
		{
			"url": "assets/Baccarat/common/chipLayer_rightTop.png",
			"type": "image",
			"name": "chipLayer_rightTop_png"
		},
		{
			"url": "assets/Baccarat/common/chipLayer_select.png",
			"type": "image",
			"name": "chipLayer_select_png"
		},
		{
			"url": "assets/Baccarat/common/chipLayer_sure.png",
			"type": "image",
			"name": "chipLayer_sure_png"
		},
		{
			"url": "assets/Baccarat/common/chipLayer_unSelect.png",
			"type": "image",
			"name": "chipLayer_unSelect_png"
		},
		{
			"url": "assets/Baccarat/common/chips_normal_01.png",
			"type": "image",
			"name": "chips_normal_01_png"
		},
		{
			"url": "assets/Baccarat/common/chips_normal_02.png",
			"type": "image",
			"name": "chips_normal_02_png"
		},
		{
			"url": "assets/Baccarat/common/chips_normal_03.png",
			"type": "image",
			"name": "chips_normal_03_png"
		},
		{
			"url": "assets/Baccarat/common/chips_normal_04.png",
			"type": "image",
			"name": "chips_normal_04_png"
		},
		{
			"url": "assets/Baccarat/common/chips_normal_05.png",
			"type": "image",
			"name": "chips_normal_05_png"
		},
		{
			"url": "assets/Baccarat/common/chips_normal_06.png",
			"type": "image",
			"name": "chips_normal_06_png"
		},
		{
			"url": "assets/Baccarat/common/chips_normal_07.png",
			"type": "image",
			"name": "chips_normal_07_png"
		},
		{
			"url": "assets/Baccarat/common/chips_normal_08.png",
			"type": "image",
			"name": "chips_normal_08_png"
		},
		{
			"url": "assets/Baccarat/common/chips_normal_09.png",
			"type": "image",
			"name": "chips_normal_09_png"
		},
		{
			"url": "assets/Baccarat/common/chips_normal_10.png",
			"type": "image",
			"name": "chips_normal_10_png"
		},
		{
			"url": "assets/Baccarat/common/chips_select.png",
			"type": "image",
			"name": "chips_select_png"
		},
		{
			"url": "assets/Baccarat/common/chips_select_01.png",
			"type": "image",
			"name": "chips_select_01_png"
		},
		{
			"url": "assets/Baccarat/common/chips_select_02.png",
			"type": "image",
			"name": "chips_select_02_png"
		},
		{
			"url": "assets/Baccarat/common/chips_select_03.png",
			"type": "image",
			"name": "chips_select_03_png"
		},
		{
			"url": "assets/Baccarat/common/chips_select_04.png",
			"type": "image",
			"name": "chips_select_04_png"
		},
		{
			"url": "assets/Baccarat/common/chips_select_05.png",
			"type": "image",
			"name": "chips_select_05_png"
		},
		{
			"url": "assets/Baccarat/common/chips_select_06.png",
			"type": "image",
			"name": "chips_select_06_png"
		},
		{
			"url": "assets/Baccarat/common/chips_select_07.png",
			"type": "image",
			"name": "chips_select_07_png"
		},
		{
			"url": "assets/Baccarat/common/chips_select_08.png",
			"type": "image",
			"name": "chips_select_08_png"
		},
		{
			"url": "assets/Baccarat/common/chips_select_09.png",
			"type": "image",
			"name": "chips_select_09_png"
		},
		{
			"url": "assets/Baccarat/common/chips_select_10.png",
			"type": "image",
			"name": "chips_select_10_png"
		},
		{
			"url": "assets/Baccarat/common/chips_setting.png",
			"type": "image",
			"name": "chips_setting_png"
		},
		{
			"url": "assets/Baccarat/common/common_bg.png",
			"type": "image",
			"name": "common_bg_png"
		},
		{
			"url": "assets/Baccarat/common/info_balance.png",
			"type": "image",
			"name": "info_balance_png"
		},
		{
			"url": "assets/Baccarat/common/info_name.png",
			"type": "image",
			"name": "info_name_png"
		},
		{
			"url": "assets/Baccarat/common/normalDlgCloseBtn.png",
			"type": "image",
			"name": "normalDlgCloseBtn_png"
		},
		{
			"url": "assets/Baccarat/common/normalDlgTopBg.png",
			"type": "image",
			"name": "normalDlgTopBg_png"
		},
		{
			"url": "assets/Baccarat/common/option_balance.png",
			"type": "image",
			"name": "option_balance_png"
		},
		{
			"url": "assets/Baccarat/common/option_bg.png",
			"type": "image",
			"name": "option_bg_png"
		},
		{
			"url": "assets/Baccarat/common/option_btn.png",
			"type": "image",
			"name": "option_btn_png"
		},
		{
			"url": "assets/Baccarat/common/option_client.png",
			"type": "image",
			"name": "option_client_png"
		},
		{
			"url": "assets/Baccarat/common/option_exit.png",
			"type": "image",
			"name": "option_exit_png"
		},
		{
			"url": "assets/Baccarat/common/option_info.png",
			"type": "image",
			"name": "option_info_png"
		},
		{
			"url": "assets/Baccarat/common/option_record.png",
			"type": "image",
			"name": "option_record_png"
		},
		{
			"url": "assets/Baccarat/common/option_setting.png",
			"type": "image",
			"name": "option_setting_png"
		},
		{
			"url": "assets/Baccarat/common/otpionLayerH_bg.png",
			"type": "image",
			"name": "otpionLayerH_bg_png"
		},
		{
			"url": "assets/Baccarat/common/recording.png",
			"type": "image",
			"name": "recording_png"
		},
		{
			"url": "assets/Baccarat/common/roundBg1.png",
			"type": "image",
			"name": "roundBg1_png"
		},
		{
			"url": "assets/Baccarat/common/setLayerV_tog_on.png",
			"type": "image",
			"name": "setLayerV_tog_on_png"
		},
		{
			"url": "assets/Baccarat/common/set_close.png",
			"type": "image",
			"name": "set_close_png"
		},
		{
			"url": "assets/Baccarat/common/set_effect.png",
			"type": "image",
			"name": "set_effect_png"
		},
		{
			"url": "assets/Baccarat/common/set_en.png",
			"type": "image",
			"name": "set_en_png"
		},
		{
			"url": "assets/Baccarat/common/set_icon.png",
			"type": "image",
			"name": "set_icon_png"
		},
		{
			"url": "assets/Baccarat/common/set_lang.png",
			"type": "image",
			"name": "set_lang_png"
		},
		{
			"url": "assets/Baccarat/common/set_music.png",
			"type": "image",
			"name": "set_music_png"
		},
		{
			"url": "assets/Baccarat/common/set_super6.png",
			"type": "image",
			"name": "set_super6_png"
		},
		{
			"url": "assets/Baccarat/common/set_togBar.png",
			"type": "image",
			"name": "set_togBar_png"
		},
		{
			"url": "assets/Baccarat/common/set_togBg.png",
			"type": "image",
			"name": "set_togBg_png"
		},
		{
			"url": "assets/Baccarat/common/set_zh.png",
			"type": "image",
			"name": "set_zh_png"
		},
		{
			"url": "assets/Baccarat/common/setting.png",
			"type": "image",
			"name": "setting_png"
		},
		{
			"url": "assets/Baccarat/common/statusLayer_bg.png",
			"type": "image",
			"name": "statusLayer_bg_png"
		},
		{
			"url": "assets/Baccarat/common/status_begin.png",
			"type": "image",
			"name": "status_begin_png"
		},
		{
			"url": "assets/Baccarat/common/status_payout.png",
			"type": "image",
			"name": "status_payout_png"
		},
		{
			"url": "assets/Baccarat/common/status_poker.png",
			"type": "image",
			"name": "status_poker_png"
		},
		{
			"url": "assets/Baccarat/common/status_rest.png",
			"type": "image",
			"name": "status_rest_png"
		},
		{
			"url": "assets/Baccarat/common/status_shuffle.png",
			"type": "image",
			"name": "status_shuffle_png"
		},
		{
			"url": "assets/Baccarat/common/tanhaoIcon.png",
			"type": "image",
			"name": "tanhaoIcon_png"
		},
		{
			"url": "assets/Baccarat/common/top_bg.png",
			"type": "image",
			"name": "top_bg_png"
		},
		{
			"url": "assets/Baccarat/common/user_info_bg.png",
			"type": "image",
			"name": "user_info_bg_png"
		},
		{
			"url": "assets/Baccarat/common/video_bg.png",
			"type": "image",
			"name": "video_bg_png"
		},
		{
			"url": "assets/Baccarat/common/wifi.png",
			"type": "image",
			"name": "wifi_png"
		},
		{
			"url": "assets/Baccarat/common/wifi_1.png",
			"type": "image",
			"name": "wifi_1_png"
		},
		{
			"url": "assets/Baccarat/common/wifi_2.png",
			"type": "image",
			"name": "wifi_2_png"
		},
		{
			"url": "assets/Baccarat/common/wifi_3.png",
			"type": "image",
			"name": "wifi_3_png"
		},
		{
			"url": "assets/Baccarat/road/Ask_BigRoad_A.png",
			"type": "image",
			"name": "Ask_BigRoad_A_png"
		},
		{
			"url": "assets/Baccarat/road/Ask_BigRoad_E.png",
			"type": "image",
			"name": "Ask_BigRoad_E_png"
		},
		{
			"url": "assets/Baccarat/road/Ask_Cockcroach_A.png",
			"type": "image",
			"name": "Ask_Cockcroach_A_png"
		},
		{
			"url": "assets/Baccarat/road/Ask_Cockcroach_E.png",
			"type": "image",
			"name": "Ask_Cockcroach_E_png"
		},
		{
			"url": "assets/Baccarat/road/Bead_A.png",
			"type": "image",
			"name": "Bead_A_png"
		},
		{
			"url": "assets/Baccarat/road/Bead_B.png",
			"type": "image",
			"name": "Bead_B_png"
		},
		{
			"url": "assets/Baccarat/road/Bead_C.png",
			"type": "image",
			"name": "Bead_C_png"
		},
		{
			"url": "assets/Baccarat/road/Bead_D.png",
			"type": "image",
			"name": "Bead_D_png"
		},
		{
			"url": "assets/Baccarat/road/Bead_E.png",
			"type": "image",
			"name": "Bead_E_png"
		},
		{
			"url": "assets/Baccarat/road/Bead_F.png",
			"type": "image",
			"name": "Bead_F_png"
		},
		{
			"url": "assets/Baccarat/road/Bead_G.png",
			"type": "image",
			"name": "Bead_G_png"
		},
		{
			"url": "assets/Baccarat/road/Bead_H.png",
			"type": "image",
			"name": "Bead_H_png"
		},
		{
			"url": "assets/Baccarat/road/Bead_I.png",
			"type": "image",
			"name": "Bead_I_png"
		},
		{
			"url": "assets/Baccarat/road/Bead_J.png",
			"type": "image",
			"name": "Bead_J_png"
		},
		{
			"url": "assets/Baccarat/road/Bead_K.png",
			"type": "image",
			"name": "Bead_K_png"
		},
		{
			"url": "assets/Baccarat/road/Bead_L.png",
			"type": "image",
			"name": "Bead_L_png"
		},
		{
			"url": "assets/Baccarat/road/BigRoad_A.png",
			"type": "image",
			"name": "BigRoad_A_png"
		},
		{
			"url": "assets/Baccarat/road/BigRoad_B.png",
			"type": "image",
			"name": "BigRoad_B_png"
		},
		{
			"url": "assets/Baccarat/road/BigRoad_C.png",
			"type": "image",
			"name": "BigRoad_C_png"
		},
		{
			"url": "assets/Baccarat/road/BigRoad_D.png",
			"type": "image",
			"name": "BigRoad_D_png"
		},
		{
			"url": "assets/Baccarat/road/BigRoad_E.png",
			"type": "image",
			"name": "BigRoad_E_png"
		},
		{
			"url": "assets/Baccarat/road/BigRoad_F.png",
			"type": "image",
			"name": "BigRoad_F_png"
		},
		{
			"url": "assets/Baccarat/road/BigRoad_G.png",
			"type": "image",
			"name": "BigRoad_G_png"
		},
		{
			"url": "assets/Baccarat/road/BigRoad_H.png",
			"type": "image",
			"name": "BigRoad_H_png"
		},
		{
			"url": "assets/Baccarat/road/Cockcroach_A.png",
			"type": "image",
			"name": "Cockcroach_A_png"
		},
		{
			"url": "assets/Baccarat/road/Cockcroach_E.png",
			"type": "image",
			"name": "Cockcroach_E_png"
		},
		{
			"url": "assets/Baccarat/road/EN_a.png",
			"type": "image",
			"name": "EN_a_png"
		},
		{
			"url": "assets/Baccarat/road/EN_b.png",
			"type": "image",
			"name": "EN_b_png"
		},
		{
			"url": "assets/Baccarat/road/EN_c.png",
			"type": "image",
			"name": "EN_c_png"
		},
		{
			"url": "assets/Baccarat/road/EN_d.png",
			"type": "image",
			"name": "EN_d_png"
		},
		{
			"url": "assets/Baccarat/road/EN_e.png",
			"type": "image",
			"name": "EN_e_png"
		},
		{
			"url": "assets/Baccarat/road/EN_f.png",
			"type": "image",
			"name": "EN_f_png"
		},
		{
			"url": "assets/Baccarat/road/EN_g.png",
			"type": "image",
			"name": "EN_g_png"
		},
		{
			"url": "assets/Baccarat/road/EN_h.png",
			"type": "image",
			"name": "EN_h_png"
		},
		{
			"url": "assets/Baccarat/road/EN_i.png",
			"type": "image",
			"name": "EN_i_png"
		},
		{
			"url": "assets/Baccarat/road/EN_j.png",
			"type": "image",
			"name": "EN_j_png"
		},
		{
			"url": "assets/Baccarat/road/EN_k.png",
			"type": "image",
			"name": "EN_k_png"
		},
		{
			"url": "assets/Baccarat/road/EN_l.png",
			"type": "image",
			"name": "EN_l_png"
		},
		{
			"url": "assets/Baccarat/road/En_Dt_a.png",
			"type": "image",
			"name": "En_Dt_a_png"
		},
		{
			"url": "assets/Baccarat/road/En_Dt_e.png",
			"type": "image",
			"name": "En_Dt_e_png"
		},
		{
			"url": "assets/Baccarat/road/JY_A.png",
			"type": "image",
			"name": "JY_A_png"
		},
		{
			"url": "assets/Baccarat/road/JY_E.png",
			"type": "image",
			"name": "JY_E_png"
		},
		{
			"url": "assets/Baccarat/road/SMALL_A.png",
			"type": "image",
			"name": "SMALL_A_png"
		},
		{
			"url": "assets/Baccarat/road/SMALL_E.png",
			"type": "image",
			"name": "SMALL_E_png"
		},
		{
			"url": "assets/Baccarat/road/ZH_a.png",
			"type": "image",
			"name": "ZH_a_png"
		},
		{
			"url": "assets/Baccarat/road/ZH_b.png",
			"type": "image",
			"name": "ZH_b_png"
		},
		{
			"url": "assets/Baccarat/road/ZH_c.png",
			"type": "image",
			"name": "ZH_c_png"
		},
		{
			"url": "assets/Baccarat/road/ZH_d.png",
			"type": "image",
			"name": "ZH_d_png"
		},
		{
			"url": "assets/Baccarat/road/ZH_e.png",
			"type": "image",
			"name": "ZH_e_png"
		},
		{
			"url": "assets/Baccarat/road/ZH_f.png",
			"type": "image",
			"name": "ZH_f_png"
		},
		{
			"url": "assets/Baccarat/road/ZH_g.png",
			"type": "image",
			"name": "ZH_g_png"
		},
		{
			"url": "assets/Baccarat/road/ZH_h.png",
			"type": "image",
			"name": "ZH_h_png"
		},
		{
			"url": "assets/Baccarat/road/ZH_i.png",
			"type": "image",
			"name": "ZH_i_png"
		},
		{
			"url": "assets/Baccarat/road/ZH_j.png",
			"type": "image",
			"name": "ZH_j_png"
		},
		{
			"url": "assets/Baccarat/road/ZH_k.png",
			"type": "image",
			"name": "ZH_k_png"
		},
		{
			"url": "assets/Baccarat/road/ZH_l.png",
			"type": "image",
			"name": "ZH_l_png"
		},
		{
			"url": "assets/Baccarat/road/Zh_Dt_a.png",
			"type": "image",
			"name": "Zh_Dt_a_png"
		},
		{
			"url": "assets/Baccarat/road/Zh_Dt_e.png",
			"type": "image",
			"name": "Zh_Dt_e_png"
		},
		{
			"url": "assets/Baccarat/road/askRoadBankerBg.png",
			"type": "image",
			"name": "askRoadBankerBg_png"
		},
		{
			"url": "assets/Baccarat/road/askRoadPlayerBg.png",
			"type": "image",
			"name": "askRoadPlayerBg_png"
		},
		{
			"url": "assets/Baccarat/road/rect_askRoad_new.png",
			"type": "image",
			"name": "rect_askRoad_new_png"
		},
		{
			"url": "assets/Baccarat/road/road_bg_new.png",
			"type": "image",
			"name": "road_bg_new_png"
		},
		{
			"url": "assets/Loading/bg.png",
			"type": "image",
			"name": "bg2_png"
		},
		{
			"url": "assets/Loading/loading_bg1.png",
			"type": "image",
			"name": "loading_bg1_png"
		},
		{
			"url": "assets/Loading/loding_bg2.png",
			"type": "image",
			"name": "loding_bg2_png"
		},
		{
			"url": "assets/common/text_record_en.png",
			"type": "image",
			"name": "text_record_en_png"
		},
		{
			"url": "assets/common/text_record_zh.png",
			"type": "image",
			"name": "text_record_zh_png"
		},
		{
			"url": "assets/common/cancel_bg.png",
			"type": "image",
			"name": "cancel_bg_png"
		},
		{
			"url": "assets/common/circle.png",
			"type": "image",
			"name": "circle_png"
		},
		{
			"url": "assets/common/eCircle.png",
			"type": "image",
			"name": "eCircle_png"
		},
		{
			"url": "assets/common/record_rect2.png",
			"type": "image",
			"name": "record_rect2_png"
		},
		{
			"url": "assets/common/rect.png",
			"type": "image",
			"name": "rect_png"
		},
		{
			"url": "assets/common/rect2.png",
			"type": "image",
			"name": "rect2_png"
		},
		{
			"url": "assets/common/seng_bg.png",
			"type": "image",
			"name": "seng_bg_png"
		},
		{
			"url": "assets/common/common/calendar_select.png",
			"type": "image",
			"name": "calendar_select_png"
		},
		{
			"url": "assets/common/text_rule_en.png",
			"type": "image",
			"name": "text_rule_en_png"
		},
		{
			"url": "assets/common/text_rule_zh.png",
			"type": "image",
			"name": "text_rule_zh_png"
		},
		{
			"url": "assets/common/new_rule_bg.png",
			"type": "image",
			"name": "new_rule_bg_png"
		},
		{
			"url": "assets/common/lh.png",
			"type": "image",
			"name": "lh_png"
		},
		{
			"url": "assets/common/lp.png",
			"type": "image",
			"name": "lp_png"
		},
		{
			"url": "assets/common/wz.png",
			"type": "image",
			"name": "wz_png"
		},
		{
			"url": "assets/common/edit_box.png",
			"type": "image",
			"name": "edit_box_png"
		},
		{
			"url": "assets/common/login_btn.png",
			"type": "image",
			"name": "login_btn_png"
		},
		{
			"url": "sound/banker_wins.mp3",
			"type": "sound",
			"name": "banker_wins_mp3"
		},
		{
			"url": "sound/bet_start.mp3",
			"type": "sound",
			"name": "bet_start_mp3"
		},
		{
			"url": "sound/bet_stop.mp3",
			"type": "sound",
			"name": "bet_stop_mp3"
		},
		{
			"url": "sound/bgmusic.mp3",
			"type": "sound",
			"name": "bgmusic_mp3"
		},
		{
			"url": "sound/bgmusic1.mp3",
			"type": "sound",
			"name": "bgmusic1_mp3"
		},
		{
			"url": "sound/card_flip.mp3",
			"type": "sound",
			"name": "card_flip_mp3"
		},
		{
			"url": "sound/click_bet_command.mp3",
			"type": "sound",
			"name": "click_bet_command_mp3"
		},
		{
			"url": "sound/click_chips.mp3",
			"type": "sound",
			"name": "click_chips_mp3"
		},
		{
			"url": "sound/click_error.mp3",
			"type": "sound",
			"name": "click_error_mp3"
		},
		{
			"url": "sound/click_game_table.mp3",
			"type": "sound",
			"name": "click_game_table_mp3"
		},
		{
			"url": "sound/countdown.mp3",
			"type": "sound",
			"name": "countdown_mp3"
		},
		{
			"url": "sound/player_wins.mp3",
			"type": "sound",
			"name": "player_wins_mp3"
		},
		{
			"url": "sound/tie.mp3",
			"type": "sound",
			"name": "tie_mp3"
		},
		{
			"url": "sound/common/add_chips.mp3",
			"type": "sound",
			"name": "add_chips_mp3"
		},
		{
			"url": "sound/common/cards_dealing.mp3",
			"type": "sound",
			"name": "cards_dealing_mp3"
		},
		{
			"url": "sound/common/select_chip.mp3",
			"type": "sound",
			"name": "select_chip_mp3"
		},
		{
			"url": "sound/common/win.mp3",
			"type": "sound",
			"name": "win_mp3"
		},
		{
			"url": "sound/en/en_0.mp3",
			"type": "sound",
			"name": "en_0_mp3"
		},
		{
			"url": "sound/en/en_1.mp3",
			"type": "sound",
			"name": "en_1_mp3"
		},
		{
			"url": "sound/en/en_10.mp3",
			"type": "sound",
			"name": "en_10_mp3"
		},
		{
			"url": "sound/en/en_11.mp3",
			"type": "sound",
			"name": "en_11_mp3"
		},
		{
			"url": "sound/en/en_12.mp3",
			"type": "sound",
			"name": "en_12_mp3"
		},
		{
			"url": "sound/en/en_13.mp3",
			"type": "sound",
			"name": "en_13_mp3"
		},
		{
			"url": "sound/en/en_14.mp3",
			"type": "sound",
			"name": "en_14_mp3"
		},
		{
			"url": "sound/en/en_15.mp3",
			"type": "sound",
			"name": "en_15_mp3"
		},
		{
			"url": "sound/en/en_16.mp3",
			"type": "sound",
			"name": "en_16_mp3"
		},
		{
			"url": "sound/en/en_17.mp3",
			"type": "sound",
			"name": "en_17_mp3"
		},
		{
			"url": "sound/en/en_18.mp3",
			"type": "sound",
			"name": "en_18_mp3"
		},
		{
			"url": "sound/en/en_19.mp3",
			"type": "sound",
			"name": "en_19_mp3"
		},
		{
			"url": "sound/en/en_2.mp3",
			"type": "sound",
			"name": "en_2_mp3"
		},
		{
			"url": "sound/en/en_20.mp3",
			"type": "sound",
			"name": "en_20_mp3"
		},
		{
			"url": "sound/en/en_21.mp3",
			"type": "sound",
			"name": "en_21_mp3"
		},
		{
			"url": "sound/en/en_22.mp3",
			"type": "sound",
			"name": "en_22_mp3"
		},
		{
			"url": "sound/en/en_23.mp3",
			"type": "sound",
			"name": "en_23_mp3"
		},
		{
			"url": "sound/en/en_24.mp3",
			"type": "sound",
			"name": "en_24_mp3"
		},
		{
			"url": "sound/en/en_25.mp3",
			"type": "sound",
			"name": "en_25_mp3"
		},
		{
			"url": "sound/en/en_26.mp3",
			"type": "sound",
			"name": "en_26_mp3"
		},
		{
			"url": "sound/en/en_27.mp3",
			"type": "sound",
			"name": "en_27_mp3"
		},
		{
			"url": "sound/en/en_28.mp3",
			"type": "sound",
			"name": "en_28_mp3"
		},
		{
			"url": "sound/en/en_29.mp3",
			"type": "sound",
			"name": "en_29_mp3"
		},
		{
			"url": "sound/en/en_3.mp3",
			"type": "sound",
			"name": "en_3_mp3"
		},
		{
			"url": "sound/en/en_30.mp3",
			"type": "sound",
			"name": "en_30_mp3"
		},
		{
			"url": "sound/en/en_31.mp3",
			"type": "sound",
			"name": "en_31_mp3"
		},
		{
			"url": "sound/en/en_32.mp3",
			"type": "sound",
			"name": "en_32_mp3"
		},
		{
			"url": "sound/en/en_33.mp3",
			"type": "sound",
			"name": "en_33_mp3"
		},
		{
			"url": "sound/en/en_34.mp3",
			"type": "sound",
			"name": "en_34_mp3"
		},
		{
			"url": "sound/en/en_35.mp3",
			"type": "sound",
			"name": "en_35_mp3"
		},
		{
			"url": "sound/en/en_36.mp3",
			"type": "sound",
			"name": "en_36_mp3"
		},
		{
			"url": "sound/en/en_4.mp3",
			"type": "sound",
			"name": "en_4_mp3"
		},
		{
			"url": "sound/en/en_5.mp3",
			"type": "sound",
			"name": "en_5_mp3"
		},
		{
			"url": "sound/en/en_6.mp3",
			"type": "sound",
			"name": "en_6_mp3"
		},
		{
			"url": "sound/en/en_7.mp3",
			"type": "sound",
			"name": "en_7_mp3"
		},
		{
			"url": "sound/en/en_8.mp3",
			"type": "sound",
			"name": "en_8_mp3"
		},
		{
			"url": "sound/en/en_9.mp3",
			"type": "sound",
			"name": "en_9_mp3"
		},
		{
			"url": "sound/en/en_a.mp3",
			"type": "sound",
			"name": "en_a_mp3"
		},
		{
			"url": "sound/en/en_b.mp3",
			"type": "sound",
			"name": "en_b_mp3"
		},
		{
			"url": "sound/en/en_bet_start.mp3",
			"type": "sound",
			"name": "en_bet_start_mp3"
		},
		{
			"url": "sound/en/en_bet_stop.mp3",
			"type": "sound",
			"name": "en_bet_stop_mp3"
		},
		{
			"url": "sound/en/en_c.mp3",
			"type": "sound",
			"name": "en_c_mp3"
		},
		{
			"url": "sound/en/en_d.mp3",
			"type": "sound",
			"name": "en_d_mp3"
		},
		{
			"url": "sound/en/en_dt_a.mp3",
			"type": "sound",
			"name": "en_dt_a_mp3"
		},
		{
			"url": "sound/en/en_dt_e.mp3",
			"type": "sound",
			"name": "en_dt_e_mp3"
		},
		{
			"url": "sound/en/en_e.mp3",
			"type": "sound",
			"name": "en_e_mp3"
		},
		{
			"url": "sound/en/en_f.mp3",
			"type": "sound",
			"name": "en_f_mp3"
		},
		{
			"url": "sound/en/en_g.mp3",
			"type": "sound",
			"name": "en_g_mp3"
		},
		{
			"url": "sound/en/en_h.mp3",
			"type": "sound",
			"name": "en_h_mp3"
		},
		{
			"url": "sound/en/en_i.mp3",
			"type": "sound",
			"name": "en_i_mp3"
		},
		{
			"url": "sound/en/en_j.mp3",
			"type": "sound",
			"name": "en_j_mp3"
		},
		{
			"url": "sound/en/en_k.mp3",
			"type": "sound",
			"name": "en_k_mp3"
		},
		{
			"url": "sound/en/en_l.mp3",
			"type": "sound",
			"name": "en_l_mp3"
		},
		{
			"url": "sound/en/en_welcome.mp3",
			"type": "sound",
			"name": "en_welcome_mp3"
		},
		{
			"url": "sound/zh/zh_0.mp3",
			"type": "sound",
			"name": "zh_0_mp3"
		},
		{
			"url": "sound/zh/zh_1.mp3",
			"type": "sound",
			"name": "zh_1_mp3"
		},
		{
			"url": "sound/zh/zh_10.mp3",
			"type": "sound",
			"name": "zh_10_mp3"
		},
		{
			"url": "sound/zh/zh_11.mp3",
			"type": "sound",
			"name": "zh_11_mp3"
		},
		{
			"url": "sound/zh/zh_12.mp3",
			"type": "sound",
			"name": "zh_12_mp3"
		},
		{
			"url": "sound/zh/zh_13.mp3",
			"type": "sound",
			"name": "zh_13_mp3"
		},
		{
			"url": "sound/zh/zh_14.mp3",
			"type": "sound",
			"name": "zh_14_mp3"
		},
		{
			"url": "sound/zh/zh_15.mp3",
			"type": "sound",
			"name": "zh_15_mp3"
		},
		{
			"url": "sound/zh/zh_16.mp3",
			"type": "sound",
			"name": "zh_16_mp3"
		},
		{
			"url": "sound/zh/zh_17.mp3",
			"type": "sound",
			"name": "zh_17_mp3"
		},
		{
			"url": "sound/zh/zh_18.mp3",
			"type": "sound",
			"name": "zh_18_mp3"
		},
		{
			"url": "sound/zh/zh_19.mp3",
			"type": "sound",
			"name": "zh_19_mp3"
		},
		{
			"url": "sound/zh/zh_2.mp3",
			"type": "sound",
			"name": "zh_2_mp3"
		},
		{
			"url": "sound/zh/zh_20.mp3",
			"type": "sound",
			"name": "zh_20_mp3"
		},
		{
			"url": "sound/zh/zh_21.mp3",
			"type": "sound",
			"name": "zh_21_mp3"
		},
		{
			"url": "sound/zh/zh_22.mp3",
			"type": "sound",
			"name": "zh_22_mp3"
		},
		{
			"url": "sound/zh/zh_23.mp3",
			"type": "sound",
			"name": "zh_23_mp3"
		},
		{
			"url": "sound/zh/zh_24.mp3",
			"type": "sound",
			"name": "zh_24_mp3"
		},
		{
			"url": "sound/zh/zh_25.mp3",
			"type": "sound",
			"name": "zh_25_mp3"
		},
		{
			"url": "sound/zh/zh_26.mp3",
			"type": "sound",
			"name": "zh_26_mp3"
		},
		{
			"url": "sound/zh/zh_27.mp3",
			"type": "sound",
			"name": "zh_27_mp3"
		},
		{
			"url": "sound/zh/zh_28.mp3",
			"type": "sound",
			"name": "zh_28_mp3"
		},
		{
			"url": "sound/zh/zh_29.mp3",
			"type": "sound",
			"name": "zh_29_mp3"
		},
		{
			"url": "sound/zh/zh_3.mp3",
			"type": "sound",
			"name": "zh_3_mp3"
		},
		{
			"url": "sound/zh/zh_30.mp3",
			"type": "sound",
			"name": "zh_30_mp3"
		},
		{
			"url": "sound/zh/zh_31.mp3",
			"type": "sound",
			"name": "zh_31_mp3"
		},
		{
			"url": "sound/zh/zh_32.mp3",
			"type": "sound",
			"name": "zh_32_mp3"
		},
		{
			"url": "sound/zh/zh_33.mp3",
			"type": "sound",
			"name": "zh_33_mp3"
		},
		{
			"url": "sound/zh/zh_34.mp3",
			"type": "sound",
			"name": "zh_34_mp3"
		},
		{
			"url": "sound/zh/zh_35.mp3",
			"type": "sound",
			"name": "zh_35_mp3"
		},
		{
			"url": "sound/zh/zh_36.mp3",
			"type": "sound",
			"name": "zh_36_mp3"
		},
		{
			"url": "sound/zh/zh_4.mp3",
			"type": "sound",
			"name": "zh_4_mp3"
		},
		{
			"url": "sound/zh/zh_5.mp3",
			"type": "sound",
			"name": "zh_5_mp3"
		},
		{
			"url": "sound/zh/zh_6.mp3",
			"type": "sound",
			"name": "zh_6_mp3"
		},
		{
			"url": "sound/zh/zh_7.mp3",
			"type": "sound",
			"name": "zh_7_mp3"
		},
		{
			"url": "sound/zh/zh_8.mp3",
			"type": "sound",
			"name": "zh_8_mp3"
		},
		{
			"url": "sound/zh/zh_9.mp3",
			"type": "sound",
			"name": "zh_9_mp3"
		},
		{
			"url": "sound/zh/zh_a.mp3",
			"type": "sound",
			"name": "zh_a_mp3"
		},
		{
			"url": "sound/zh/zh_b.mp3",
			"type": "sound",
			"name": "zh_b_mp3"
		},
		{
			"url": "sound/zh/zh_bet_start.mp3",
			"type": "sound",
			"name": "zh_bet_start_mp3"
		},
		{
			"url": "sound/zh/zh_bet_stop.mp3",
			"type": "sound",
			"name": "zh_bet_stop_mp3"
		},
		{
			"url": "sound/zh/zh_c.mp3",
			"type": "sound",
			"name": "zh_c_mp3"
		},
		{
			"url": "sound/zh/zh_d.mp3",
			"type": "sound",
			"name": "zh_d_mp3"
		},
		{
			"url": "sound/zh/zh_dt_a.mp3",
			"type": "sound",
			"name": "zh_dt_a_mp3"
		},
		{
			"url": "sound/zh/zh_dt_e.mp3",
			"type": "sound",
			"name": "zh_dt_e_mp3"
		},
		{
			"url": "sound/zh/zh_e.mp3",
			"type": "sound",
			"name": "zh_e_mp3"
		},
		{
			"url": "sound/zh/zh_f.mp3",
			"type": "sound",
			"name": "zh_f_mp3"
		},
		{
			"url": "sound/zh/zh_g.mp3",
			"type": "sound",
			"name": "zh_g_mp3"
		},
		{
			"url": "sound/zh/zh_h.mp3",
			"type": "sound",
			"name": "zh_h_mp3"
		},
		{
			"url": "sound/zh/zh_i.mp3",
			"type": "sound",
			"name": "zh_i_mp3"
		},
		{
			"url": "sound/zh/zh_j.mp3",
			"type": "sound",
			"name": "zh_j_mp3"
		},
		{
			"url": "sound/zh/zh_k.mp3",
			"type": "sound",
			"name": "zh_k_mp3"
		},
		{
			"url": "sound/zh/zh_l.mp3",
			"type": "sound",
			"name": "zh_l_mp3"
		},
		{
			"url": "sound/zh/zh_welcome.mp3",
			"type": "sound",
			"name": "zh_welcome_mp3"
		},
		{
			"url": "assets/Baccarat/betArea/S1.png",
			"type": "image",
			"name": "S1_png"
		},
		{
			"url": "assets/Baccarat/betArea/S2.png",
			"type": "image",
			"name": "S2_png"
		},
		{
			"url": "assets/Baccarat/betArea/super6Text.png",
			"type": "image",
			"name": "super6Text_png"
		},
		{
			"url": "assets/Baccarat/betArea/tieSuper6_zh.png",
			"type": "image",
			"name": "tieSuper6_zh_png"
		},
		{
			"url": "assets/Baccarat/bac/horizon_bg.png",
			"type": "image",
			"name": "horizon_bg_png"
		}
	]
}