{
	"groups":[{
			"keys":"arrow_png,arrowLeft_png,bubble_new_png,bubble_png,chat_icon_png,chipLayer_cancel_png,chipLayer_one_unSelect_png,chipLayer_rightTop_png,chipLayer_select_png,chipLayer_sure_png,chipLayer_unSelect_png,chips_normal_01_png,chips_normal_02_png,chips_normal_03_png,chips_normal_04_png,chips_normal_05_png,chips_normal_06_png,chips_normal_07_png,chips_normal_08_png,chips_normal_09_png,chips_normal_10_png,chips_select_01_png,chips_select_02_png,chips_select_03_png,chips_select_04_png,chips_select_05_png,chips_select_06_png,chips_select_07_png,chips_select_08_png,chips_select_09_png,chips_select_10_png,chips_select_png,chips_setting_png,common_bg_png,info_balance_png,info_name_png,option_balance_png,option_bg_png,option_btn_png,option_client_png,option_exit_png,option_info_png,option_record_png,option_setting_png,otpionLayerH_bg_png,recording_png,set_close_png,set_effect_png,set_en_png,set_icon_png,set_lang_png,set_music_png,set_super6_png,set_togBar_png,set_togBg_png,set_zh_png,setLayerV_tog_on_png,setting_png,status_begin_png,status_payout_png,status_poker_png,status_rest_png,status_shuffle_png,statusLayer_bg_png,top_bg_png,user_info_bg_png,wifi_1_png,wifi_2_png,wifi_3_png,wifi_png",
			"name":"common"
		}],
	"resources":[
		{
			"name":"arrow_png",
			"type":"image",
			"url":"assets/common/common/arrow.png"
		},
		{
			"name":"arrowLeft_png",
			"type":"image",
			"url":"assets/common/common/arrowLeft.png"
		},
		{
			"name":"bubble_new_png",
			"type":"image",
			"url":"assets/common/common/bubble_new.png"
		},
		{
			"name":"bubble_png",
			"type":"image",
			"url":"assets/common/common/bubble.png"
		},
		{
			"name":"chat_icon_png",
			"type":"image",
			"url":"assets/common/common/chat_icon.png"
		},
		{
			"name":"chipLayer_cancel_png",
			"type":"image",
			"url":"assets/common/common/chipLayer_cancel.png"
		},
		{
			"name":"chipLayer_one_unSelect_png",
			"type":"image",
			"url":"assets/common/common/chipLayer_one_unSelect.png"
		},
		{
			"name":"chipLayer_rightTop_png",
			"type":"image",
			"url":"assets/common/common/chipLayer_rightTop.png"
		},
		{
			"name":"chipLayer_select_png",
			"type":"image",
			"url":"assets/common/common/chipLayer_select.png"
		},
		{
			"name":"chipLayer_sure_png",
			"type":"image",
			"url":"assets/common/common/chipLayer_sure.png"
		},
		{
			"name":"chipLayer_unSelect_png",
			"type":"image",
			"url":"assets/common/common/chipLayer_unSelect.png"
		},
		{
			"name":"chips_normal_01_png",
			"type":"image",
			"url":"assets/common/common/chips_normal_01.png"
		},
		{
			"name":"chips_normal_02_png",
			"type":"image",
			"url":"assets/common/common/chips_normal_02.png"
		},
		{
			"name":"chips_normal_03_png",
			"type":"image",
			"url":"assets/common/common/chips_normal_03.png"
		},
		{
			"name":"chips_normal_04_png",
			"type":"image",
			"url":"assets/common/common/chips_normal_04.png"
		},
		{
			"name":"chips_normal_05_png",
			"type":"image",
			"url":"assets/common/common/chips_normal_05.png"
		},
		{
			"name":"chips_normal_06_png",
			"type":"image",
			"url":"assets/common/common/chips_normal_06.png"
		},
		{
			"name":"chips_normal_07_png",
			"type":"image",
			"url":"assets/common/common/chips_normal_07.png"
		},
		{
			"name":"chips_normal_08_png",
			"type":"image",
			"url":"assets/common/common/chips_normal_08.png"
		},
		{
			"name":"chips_normal_09_png",
			"type":"image",
			"url":"assets/common/common/chips_normal_09.png"
		},
		{
			"name":"chips_normal_10_png",
			"type":"image",
			"url":"assets/common/common/chips_normal_10.png"
		},
		{
			"name":"chips_select_01_png",
			"type":"image",
			"url":"assets/common/common/chips_select_01.png"
		},
		{
			"name":"chips_select_02_png",
			"type":"image",
			"url":"assets/common/common/chips_select_02.png"
		},
		{
			"name":"chips_select_03_png",
			"type":"image",
			"url":"assets/common/common/chips_select_03.png"
		},
		{
			"name":"chips_select_04_png",
			"type":"image",
			"url":"assets/common/common/chips_select_04.png"
		},
		{
			"name":"chips_select_05_png",
			"type":"image",
			"url":"assets/common/common/chips_select_05.png"
		},
		{
			"name":"chips_select_06_png",
			"type":"image",
			"url":"assets/common/common/chips_select_06.png"
		},
		{
			"name":"chips_select_07_png",
			"type":"image",
			"url":"assets/common/common/chips_select_07.png"
		},
		{
			"name":"chips_select_08_png",
			"type":"image",
			"url":"assets/common/common/chips_select_08.png"
		},
		{
			"name":"chips_select_09_png",
			"type":"image",
			"url":"assets/common/common/chips_select_09.png"
		},
		{
			"name":"chips_select_10_png",
			"type":"image",
			"url":"assets/common/common/chips_select_10.png"
		},
		{
			"name":"chips_select_png",
			"type":"image",
			"url":"assets/common/common/chips_select.png"
		},
		{
			"name":"chips_setting_png",
			"type":"image",
			"url":"assets/common/common/chips_setting.png"
		},
		{
			"name":"common_bg_png",
			"type":"image",
			"url":"assets/common/common/common_bg.png"
		},
		{
			"name":"info_balance_png",
			"type":"image",
			"url":"assets/common/common/info_balance.png"
		},
		{
			"name":"info_name_png",
			"type":"image",
			"url":"assets/common/common/info_name.png"
		},
		{
			"name":"option_balance_png",
			"type":"image",
			"url":"assets/common/common/option_balance.png"
		},
		{
			"name":"option_bg_png",
			"type":"image",
			"url":"assets/common/common/option_bg.png"
		},
		{
			"name":"option_btn_png",
			"type":"image",
			"url":"assets/common/common/option_btn.png"
		},
		{
			"name":"option_client_png",
			"type":"image",
			"url":"assets/common/common/option_client.png"
		},
		{
			"name":"option_exit_png",
			"type":"image",
			"url":"assets/common/common/option_exit.png"
		},
		{
			"name":"option_info_png",
			"type":"image",
			"url":"assets/common/common/option_info.png"
		},
		{
			"name":"option_record_png",
			"type":"image",
			"url":"assets/common/common/option_record.png"
		},
		{
			"name":"option_setting_png",
			"type":"image",
			"url":"assets/common/common/option_setting.png"
		},
		{
			"name":"otpionLayerH_bg_png",
			"type":"image",
			"url":"assets/common/common/otpionLayerH_bg.png"
		},
		{
			"name":"recording_png",
			"type":"image",
			"url":"assets/common/common/recording.png"
		},
		{
			"name":"set_close_png",
			"type":"image",
			"url":"assets/common/common/set_close.png"
		},
		{
			"name":"set_effect_png",
			"type":"image",
			"url":"assets/common/common/set_effect.png"
		},
		{
			"name":"set_en_png",
			"type":"image",
			"url":"assets/common/common/set_en.png"
		},
		{
			"name":"set_icon_png",
			"type":"image",
			"url":"assets/common/common/set_icon.png"
		},
		{
			"name":"set_lang_png",
			"type":"image",
			"url":"assets/common/common/set_lang.png"
		},
		{
			"name":"set_music_png",
			"type":"image",
			"url":"assets/common/common/set_music.png"
		},
		{
			"name":"set_super6_png",
			"type":"image",
			"url":"assets/common/common/set_super6.png"
		},
		{
			"name":"set_togBar_png",
			"type":"image",
			"url":"assets/common/common/set_togBar.png"
		},
		{
			"name":"set_togBg_png",
			"type":"image",
			"url":"assets/common/common/set_togBg.png"
		},
		{
			"name":"set_zh_png",
			"type":"image",
			"url":"assets/common/common/set_zh.png"
		},
		{
			"name":"setLayerV_tog_on_png",
			"type":"image",
			"url":"assets/common/common/setLayerV_tog_on.png"
		},
		{
			"name":"setting_png",
			"type":"image",
			"url":"assets/common/common/setting.png"
		},
		{
			"name":"status_begin_png",
			"type":"image",
			"url":"assets/common/common/status_begin.png"
		},
		{
			"name":"status_payout_png",
			"type":"image",
			"url":"assets/common/common/status_payout.png"
		},
		{
			"name":"status_poker_png",
			"type":"image",
			"url":"assets/common/common/status_poker.png"
		},
		{
			"name":"status_rest_png",
			"type":"image",
			"url":"assets/common/common/status_rest.png"
		},
		{
			"name":"status_shuffle_png",
			"type":"image",
			"url":"assets/common/common/status_shuffle.png"
		},
		{
			"name":"statusLayer_bg_png",
			"type":"image",
			"url":"assets/common/common/statusLayer_bg.png"
		},
		{
			"name":"top_bg_png",
			"type":"image",
			"url":"assets/common/common/top_bg.png"
		},
		{
			"name":"user_info_bg_png",
			"type":"image",
			"url":"assets/common/common/user_info_bg.png"
		},
		{
			"name":"wifi_1_png",
			"type":"image",
			"url":"assets/common/common/wifi_1.png"
		},
		{
			"name":"wifi_2_png",
			"type":"image",
			"url":"assets/common/common/wifi_2.png"
		},
		{
			"name":"wifi_3_png",
			"type":"image",
			"url":"assets/common/common/wifi_3.png"
		},
		{
			"name":"wifi_png",
			"type":"image",
			"url":"assets/common/common/wifi.png"
		}
	]
}