{
	"groups":[
		{
			"keys":"bet_01_png,bet_01st_png,bet_02_png,bet_02st_png,bet_03_png,bet_03st_png,bet_04_png,bet_05_png,bet_06_png,bet_07_png,bet_08_png,bet_09_png,bet_010_png,bet_011_png,bet_012_png,bet_013_png,bet_014_png,bet_015_png,bet_016_png,bet_017_png,bet_018_png,bet_019_png,bet_020_png,bet_021_png,bet_022_png,bet_023_png,bet_024_png,bet_025_png,bet_026_png,bet_027_png,bet_028_png,bet_029_png,bet_030_png,bet_031_png,bet_032_png,bet_033_png,bet_034_png,bet_035_png,bet_036_png,bet_bottom_01_png,bet_bottom_02_png,bet_bottom_03_png,bet_bottom_04_png,bet_bottom_05_png,bet_bottom_06_png,bet_dozen_01_png,bet_dozen_02_png,bet_dozen_03_png,black_bg1_png,invisible_png,red_bg_png,roulette_bet_bg_png,bet_move_bg_png,black_bg_png,bottom_bg_png,left_bg_png,move_bg_png,move_zero_bg_png,right_bg_png,zero_bg_png,red_bg1_png,bet_00_png",
			"name":"classic_bet"
		},
		{
			"keys":"cold_new_png,hot_bet_new_png,hot_new_png,leftbet_01_png,leftbet_02_png,leftbet_03_png,leftbet_04_png,leftbet_05_png,leftbet_06_png,leftbet_07_png,leftbet_08_png,leftbet_09_png,leftbet_10_png,leftbet_11_png,leftbet_12_png,leftbet_13_png,leftbet_14_png,leftbet_15_png,leftbet_16_png,roulette_background_new_png,roulette_bg_new_png,roulette_move_bg_png",
			"name":"french_bet"
		},
		{
			"keys":"anchor_png,cancel_bg_png,img_bg_icon_png,img_bg_png,input_bg_png,meag_png,redEnve_png,reward_bg_png,roundBg_png,seng_bg_png,user_img_png",
			"name":"reward"
		},
		{
			"keys":"btn_bg_new_png,roadBg_new_2_png,roadLayer_bg_new_png,roundBg1_png,user_info_bg_new_new_png,result_black_bg_png,result_green_bg_png,result_red_bg_png,Settelement_bg_png,white_line_png,bet_area_bg_png,bet_bg_png,mobile_bg_png,playing_png",
			"name":"bottom_info"
		}
	],
	"resources":[
		{
			"name":"bet_01_png",
			"type":"image",
			"url":"assets/Roulette/classic_bet/bet_01.png"
		},
		{
			"name":"bet_01st_png",
			"type":"image",
			"url":"assets/Roulette/classic_bet/bet_01st.png"
		},
		{
			"name":"bet_02_png",
			"type":"image",
			"url":"assets/Roulette/classic_bet/bet_02.png"
		},
		{
			"name":"bet_02st_png",
			"type":"image",
			"url":"assets/Roulette/classic_bet/bet_02st.png"
		},
		{
			"name":"bet_03_png",
			"type":"image",
			"url":"assets/Roulette/classic_bet/bet_03.png"
		},
		{
			"name":"bet_03st_png",
			"type":"image",
			"url":"assets/Roulette/classic_bet/bet_03st.png"
		},
		{
			"name":"bet_04_png",
			"type":"image",
			"url":"assets/Roulette/classic_bet/bet_04.png"
		},
		{
			"name":"bet_05_png",
			"type":"image",
			"url":"assets/Roulette/classic_bet/bet_05.png"
		},
		{
			"name":"bet_06_png",
			"type":"image",
			"url":"assets/Roulette/classic_bet/bet_06.png"
		},
		{
			"name":"bet_07_png",
			"type":"image",
			"url":"assets/Roulette/classic_bet/bet_07.png"
		},
		{
			"name":"bet_08_png",
			"type":"image",
			"url":"assets/Roulette/classic_bet/bet_08.png"
		},
		{
			"name":"bet_09_png",
			"type":"image",
			"url":"assets/Roulette/classic_bet/bet_09.png"
		},
		{
			"name":"bet_010_png",
			"type":"image",
			"url":"assets/Roulette/classic_bet/bet_010.png"
		},
		{
			"name":"bet_011_png",
			"type":"image",
			"url":"assets/Roulette/classic_bet/bet_011.png"
		},
		{
			"name":"bet_012_png",
			"type":"image",
			"url":"assets/Roulette/classic_bet/bet_012.png"
		},
		{
			"name":"bet_013_png",
			"type":"image",
			"url":"assets/Roulette/classic_bet/bet_013.png"
		},
		{
			"name":"bet_014_png",
			"type":"image",
			"url":"assets/Roulette/classic_bet/bet_014.png"
		},
		{
			"name":"bet_015_png",
			"type":"image",
			"url":"assets/Roulette/classic_bet/bet_015.png"
		},
		{
			"name":"bet_016_png",
			"type":"image",
			"url":"assets/Roulette/classic_bet/bet_016.png"
		},
		{
			"name":"bet_017_png",
			"type":"image",
			"url":"assets/Roulette/classic_bet/bet_017.png"
		},
		{
			"name":"bet_018_png",
			"type":"image",
			"url":"assets/Roulette/classic_bet/bet_018.png"
		},
		{
			"name":"bet_019_png",
			"type":"image",
			"url":"assets/Roulette/classic_bet/bet_019.png"
		},
		{
			"name":"bet_020_png",
			"type":"image",
			"url":"assets/Roulette/classic_bet/bet_020.png"
		},
		{
			"name":"bet_021_png",
			"type":"image",
			"url":"assets/Roulette/classic_bet/bet_021.png"
		},
		{
			"name":"bet_022_png",
			"type":"image",
			"url":"assets/Roulette/classic_bet/bet_022.png"
		},
		{
			"name":"bet_023_png",
			"type":"image",
			"url":"assets/Roulette/classic_bet/bet_023.png"
		},
		{
			"name":"bet_024_png",
			"type":"image",
			"url":"assets/Roulette/classic_bet/bet_024.png"
		},
		{
			"name":"bet_025_png",
			"type":"image",
			"url":"assets/Roulette/classic_bet/bet_025.png"
		},
		{
			"name":"bet_026_png",
			"type":"image",
			"url":"assets/Roulette/classic_bet/bet_026.png"
		},
		{
			"name":"bet_027_png",
			"type":"image",
			"url":"assets/Roulette/classic_bet/bet_027.png"
		},
		{
			"name":"bet_028_png",
			"type":"image",
			"url":"assets/Roulette/classic_bet/bet_028.png"
		},
		{
			"name":"bet_029_png",
			"type":"image",
			"url":"assets/Roulette/classic_bet/bet_029.png"
		},
		{
			"name":"bet_030_png",
			"type":"image",
			"url":"assets/Roulette/classic_bet/bet_030.png"
		},
		{
			"name":"bet_031_png",
			"type":"image",
			"url":"assets/Roulette/classic_bet/bet_031.png"
		},
		{
			"name":"bet_032_png",
			"type":"image",
			"url":"assets/Roulette/classic_bet/bet_032.png"
		},
		{
			"name":"bet_033_png",
			"type":"image",
			"url":"assets/Roulette/classic_bet/bet_033.png"
		},
		{
			"name":"bet_034_png",
			"type":"image",
			"url":"assets/Roulette/classic_bet/bet_034.png"
		},
		{
			"name":"bet_035_png",
			"type":"image",
			"url":"assets/Roulette/classic_bet/bet_035.png"
		},
		{
			"name":"bet_036_png",
			"type":"image",
			"url":"assets/Roulette/classic_bet/bet_036.png"
		},
		{
			"name":"bet_bottom_01_png",
			"type":"image",
			"url":"assets/Roulette/classic_bet/bet_bottom_01.png"
		},
		{
			"name":"bet_bottom_02_png",
			"type":"image",
			"url":"assets/Roulette/classic_bet/bet_bottom_02.png"
		},
		{
			"name":"bet_bottom_03_png",
			"type":"image",
			"url":"assets/Roulette/classic_bet/bet_bottom_03.png"
		},
		{
			"name":"bet_bottom_04_png",
			"type":"image",
			"url":"assets/Roulette/classic_bet/bet_bottom_04.png"
		},
		{
			"name":"bet_bottom_05_png",
			"type":"image",
			"url":"assets/Roulette/classic_bet/bet_bottom_05.png"
		},
		{
			"name":"bet_bottom_06_png",
			"type":"image",
			"url":"assets/Roulette/classic_bet/bet_bottom_06.png"
		},
		{
			"name":"bet_dozen_01_png",
			"type":"image",
			"url":"assets/Roulette/classic_bet/bet_dozen_01.png"
		},
		{
			"name":"bet_dozen_02_png",
			"type":"image",
			"url":"assets/Roulette/classic_bet/bet_dozen_02.png"
		},
		{
			"name":"bet_dozen_03_png",
			"type":"image",
			"url":"assets/Roulette/classic_bet/bet_dozen_03.png"
		},
		{
			"name":"black_bg1_png",
			"type":"image",
			"url":"assets/Roulette/classic_bet/black_bg1.png"
		},
		{
			"name":"invisible_png",
			"type":"image",
			"url":"assets/Roulette/classic_bet/invisible.png"
		},
		{
			"name":"red_bg_png",
			"type":"image",
			"url":"assets/Roulette/classic_bet/red_bg.png"
		},
		{
			"name":"roulette_bet_bg_png",
			"type":"image",
			"url":"assets/Roulette/classic_bet/roulette_bet_bg.png"
		},
		{
			"name":"cold_new_png",
			"type":"image",
			"url":"assets/Roulette/french_bet/cold_new.png"
		},
		{
			"name":"hot_bet_new_png",
			"type":"image",
			"url":"assets/Roulette/french_bet/hot_bet_new.png"
		},
		{
			"name":"hot_new_png",
			"type":"image",
			"url":"assets/Roulette/french_bet/hot_new.png"
		},
		{
			"name":"leftbet_01_png",
			"type":"image",
			"url":"assets/Roulette/french_bet/leftbet_01.png"
		},
		{
			"name":"leftbet_02_png",
			"type":"image",
			"url":"assets/Roulette/french_bet/leftbet_02.png"
		},
		{
			"name":"leftbet_03_png",
			"type":"image",
			"url":"assets/Roulette/french_bet/leftbet_03.png"
		},
		{
			"name":"leftbet_04_png",
			"type":"image",
			"url":"assets/Roulette/french_bet/leftbet_04.png"
		},
		{
			"name":"leftbet_05_png",
			"type":"image",
			"url":"assets/Roulette/french_bet/leftbet_05.png"
		},
		{
			"name":"leftbet_06_png",
			"type":"image",
			"url":"assets/Roulette/french_bet/leftbet_06.png"
		},
		{
			"name":"leftbet_07_png",
			"type":"image",
			"url":"assets/Roulette/french_bet/leftbet_07.png"
		},
		{
			"name":"leftbet_08_png",
			"type":"image",
			"url":"assets/Roulette/french_bet/leftbet_08.png"
		},
		{
			"name":"leftbet_09_png",
			"type":"image",
			"url":"assets/Roulette/french_bet/leftbet_09.png"
		},
		{
			"name":"leftbet_10_png",
			"type":"image",
			"url":"assets/Roulette/french_bet/leftbet_10.png"
		},
		{
			"name":"leftbet_11_png",
			"type":"image",
			"url":"assets/Roulette/french_bet/leftbet_11.png"
		},
		{
			"name":"leftbet_12_png",
			"type":"image",
			"url":"assets/Roulette/french_bet/leftbet_12.png"
		},
		{
			"name":"leftbet_13_png",
			"type":"image",
			"url":"assets/Roulette/french_bet/leftbet_13.png"
		},
		{
			"name":"leftbet_14_png",
			"type":"image",
			"url":"assets/Roulette/french_bet/leftbet_14.png"
		},
		{
			"name":"leftbet_15_png",
			"type":"image",
			"url":"assets/Roulette/french_bet/leftbet_15.png"
		},
		{
			"name":"leftbet_16_png",
			"type":"image",
			"url":"assets/Roulette/french_bet/leftbet_16.png"
		},
		{
			"name":"roulette_background_new_png",
			"type":"image",
			"url":"assets/Roulette/french_bet/roulette_background_new.png"
		},
		{
			"name":"roulette_bg_new_png",
			"type":"image",
			"url":"assets/Roulette/french_bet/roulette_bg_new.png"
		},
		{
			"name":"roulette_move_bg_png",
			"type":"image",
			"url":"assets/Roulette/french_bet/roulette_move_bg.png"
		},
		{
			"name":"btn_bg_new_png",
			"type":"image",
			"url":"assets/Roulette/bottom_info/btn_bg_new.png"
		},
		{
			"name":"roadBg_new_2_png",
			"type":"image",
			"url":"assets/Roulette/bottom_info/roadBg_new_2.png"
		},
		{
			"name":"roadLayer_bg_new_png",
			"type":"image",
			"url":"assets/Roulette/bottom_info/roadLayer_bg_new.png"
		},
		{
			"name":"roundBg1_png",
			"type":"image",
			"url":"assets/Roulette/bottom_info/roundBg1.png"
		},
		{
			"name":"user_info_bg_new_new_png",
			"type":"image",
			"url":"assets/Roulette/bottom_info/user_info_bg_new_new.png"
		},
		{
			"name":"anchor_png",
			"type":"image",
			"url":"assets/common/reward/anchor.png"
		},
		{
			"name":"cancel_bg_png",
			"type":"image",
			"url":"assets/common/reward/cancel_bg.png"
		},
		{
			"name":"img_bg_icon_png",
			"type":"image",
			"url":"assets/common/reward/img_bg_icon.png"
		},
		{
			"name":"img_bg_png",
			"type":"image",
			"url":"assets/common/reward/img_bg.png"
		},
		{
			"name":"input_bg_png",
			"type":"image",
			"url":"assets/common/reward/input_bg.png"
		},
		{
			"name":"meag_png",
			"type":"image",
			"url":"assets/common/reward/meag.png"
		},
		{
			"name":"redEnve_png",
			"type":"image",
			"url":"assets/common/reward/redEnve.png"
		},
		{
			"name":"reward_bg_png",
			"type":"image",
			"url":"assets/common/reward/reward_bg.png"
		},
		{
			"name":"roundBg_png",
			"type":"image",
			"url":"assets/common/reward/roundBg.png"
		},
		{
			"name":"seng_bg_png",
			"type":"image",
			"url":"assets/common/reward/seng_bg.png"
		},
		{
			"name":"user_img_png",
			"type":"image",
			"url":"assets/common/reward/user_img.png"
		},
		{
			"name":"result_black_bg_png",
			"type":"image",
			"url":"assets/Roulette/bottom_info/result_black_bg.png"
		},
		{
			"name":"result_green_bg_png",
			"type":"image",
			"url":"assets/Roulette/bottom_info/result_green_bg.png"
		},
		{
			"name":"result_red_bg_png",
			"type":"image",
			"url":"assets/Roulette/bottom_info/result_red_bg.png"
		},
		{
			"name":"Settelement_bg_png",
			"type":"image",
			"url":"assets/Roulette/bottom_info/Settelement_bg.png"
		},
		{
			"name":"white_line_png",
			"type":"image",
			"url":"assets/Roulette/bottom_info/white_line.png"
		},
		{
			"name":"bet_area_bg_png",
			"type":"image",
			"url":"assets/Roulette/bottom_info/bet_area_bg.png"
		},
		{
			"name":"bet_bg_png",
			"type":"image",
			"url":"assets/Roulette/bottom_info/bet_bg.png"
		},
		{
			"name":"mobile_bg_png",
			"type":"image",
			"url":"assets/Roulette/bottom_info/mobile_bg.png"
		},
		{
			"name":"playing_png",
			"type":"image",
			"url":"assets/Roulette/bottom_info/playing.png"
		},
		{
			"name":"bet_move_bg_png",
			"type":"image",
			"url":"assets/Roulette/classic_bet/bet_move_bg.png"
		},
		{
			"name":"black_bg_png",
			"type":"image",
			"url":"assets/Roulette/classic_bet/black_bg.png"
		},
		{
			"name":"bottom_bg_png",
			"type":"image",
			"url":"assets/Roulette/classic_bet/bottom_bg.png"
		},
		{
			"name":"left_bg_png",
			"type":"image",
			"url":"assets/Roulette/classic_bet/left_bg.png"
		},
		{
			"name":"move_bg_png",
			"type":"image",
			"url":"assets/Roulette/classic_bet/move_bg.png"
		},
		{
			"name":"move_zero_bg_png",
			"type":"image",
			"url":"assets/Roulette/classic_bet/move_zero_bg.png"
		},
		{
			"name":"red_bg 2_png",
			"type":"image",
			"url":"assets/Roulette/classic_bet/red_bg 2.png"
		},
		{
			"name":"right_bg_png",
			"type":"image",
			"url":"assets/Roulette/classic_bet/right_bg.png"
		},
		{
			"name":"zero_bg_png",
			"type":"image",
			"url":"assets/Roulette/classic_bet/zero_bg.png"
		},
		{
			"name":"red_bg2_png",
			"type":"image",
			"url":"assets/Roulette/classic_bet/red_bg2.png"
		},
		{
			"name":"red_bg1_png",
			"type":"image",
			"url":"assets/Roulette/classic_bet/red_bg1.png"
		},
		{
			"name":"bet_00_png",
			"type":"image",
			"url":"assets/Roulette/classic_bet/bet_00.png"
		}
	]
}