{
  "engineVersion": "5.2.30",
  "compilerVersion": "5.2.30",
  "template": {},
  "target": {
    "current": "web"
  },
  "modules": [
    {
      "name": "egret"
    },
    {
      "name": "eui"
    },
    {
      "name": "assetsmanager"
    },
    {
      "name": "game"
    },
    {
      "name": "tween"
    },
    {
      "name": "socket"
    },
    {
      "name": "promise"
    },
    {
      "name": "protobuf-library",
      "path": "./libs/protobuf/library"
    },
    {
      "name": "protobuf-bundles",
      "path": "./libs/protobuf/bundles"
    },
    {
      "name": "client",
      "path": "./libs/protobuf/client"
    },
    {
      "name": "mouse",
      "path": "./libs/mouse"
    }
  ],
  "targets": {
    "android": {
      "appname": "18game",
      "packagename": "com.cmkj.cmgame"
    },
    "ios": {
      "appname": "18Game",
      "packagename": "com.cmkj.cmgame",
      "hybrid": false
    }
  }
}
