{
    "a" : {
        "EN" : "BankerWins",
        "ZH" : "庄赢",
        "KR" : "BankerWins",
        "JA" : "BankerWins"
    },
    "b" : {
        "EN" : "BankerWins PlayerPair",
        "ZH" : "庄赢 闲对",
        "KR" : "BankerWins PlayerPair",
        "JA" : "BankerWins PlayerPair"
    },
    "c" : {
        "EN" : "BankerWins BankerPair",
        "ZH" : "庄赢 庄对",
        "KR" : "BankerWins BankerPair",
        "JA" : "BankerWins BankerPair"
    },
    "d" : {
        "EN" : "BankerWins PlayerPair BankerPair",
        "ZH" : "庄赢 闲对 庄对",
        "KR" : "BankerWins PlayerPair BankerPair",
        "JA" : "BankerWins PlayerPair BankerPair"
    },
    "e" : {
        "EN" : "PlayerWins",
        "ZH" : "闲赢",
        "KR" : "PlayerWins",
        "JA" : "PlayerWins"
    },
    "f" : {
        "EN" : "PlayerWins PlayerPair",
        "ZH" : "闲赢 闲对",
        "KR" : "PlayerWins PlayerPair",
        "JA" : "PlayerWins PlayerPair"
    },
    "g" : {
        "EN" : "PlayerWins BankerPair",
        "ZH" : "闲赢 庄对",
        "KR" : "PlayerWins BankerPair",
        "JA" : "PlayerWins BankerPair"
    },
    "h" : {
        "EN" : "PlayerWins PlayerPair BankerPair",
        "ZH" : "闲赢 闲对 庄对",
        "KR" : "PlayerWins PlayerPair BankerPair",
        "JA" : "PlayerWins PlayerPair BankerPair"
    },
    "i" : {
        "EN" : "Tie",
        "ZH" : "和局",
        "KR" : "Tie",
        "JA" : "Tie"
    },
    "j" : {
        "EN" : "Tie PlayerPair",
        "ZH" : "和局 闲对",
        "KR" : "Tie PlayerPair",
        "JA" : "Tie PlayerPair"
    },
    "k" : {
        "EN" : "Tie BankerPair",
        "ZH" : "和局 庄对",
        "KR" : "Tie BankerPair",
        "JA" : "Tie BankerPair"
    },
    "l" : {
        "EN" : "Tie PlayerPair BankerPair",
        "ZH" : "和局 闲对 庄对",
        "KR" : "Tie PlayerPair BankerPair",
        "JA" : "Tie PlayerPair BankerPair"
    }
}