{
	"TEXT_BANKER_ICON" : {
		"EN" : "B",
		"ZH" : "庄",
		"KR" : "B",
		"JA" : "B"
	},
	"TEXT_PLAYER_ICON" : {
		"EN" : "P",
		"ZH" : "闲",
		"KR" : "P",
		"JA" : "P"
	},
	"TEXT_TIE_ICON" : {
		"EN" : "T",
		"ZH" : "和",
		"KR" : "T",
		"JA" : "T"
	},
	"TEXT_BP_ICON" : {
		"EN" : "BP",
		"ZH" : "庄对",
		"KR" : "BP",
		"JA" : "BP"
	},
	"TEXT_PP_ICON" : {
		"EN" : "PP",
		"ZH" : "闲对",
		"KR" : "PP",
		"JA" : "PP"
	},
	"TEXT_DRAGON_ICON" : {
		"EN" : "D",
		"ZH" : "龙",
		"KR" : "D",
		"JA" : "D"
	},
	"TEXT_TIGER_ICON" : {
		"EN" : "T",
		"ZH" : "虎",
		"KR" : "T",
		"JA" : "T"
	},
	"TEXT_DRAGON_ICON_1" : {
		"EN" : "DRAGON",
		"ZH" : "龙问路",
		"KR" : "DRAGON",
		"JA" : "DRAGON"
	},
	"TEXT_TIGER_ICON_1" : {
		"EN" : "TIGER",
		"ZH" : "虎问路",
		"KR" : "TIGER",
		"JA" : "TIGER"
	},
	"TEXT_TOTAL_ICON" : {
		"EN" : "T",
		"ZH" : "总",
		"KR" : "T",
		"JA" : "T"
	},
	"TEXT_PlayerPair" : {
		"EN" : "PlayerPair",
		"ZH" : "闲对",
		"KR" : "PlayerPair",
		"JA" : "PlayerPair"
	},
	"TEXT_PLAYERPAIR" : {
		"EN" : "PLAYERPAIR",
		"ZH" : "闲对",
		"KR" : "PLAYERPAIR",
		"JA" : "PLAYERPAIR"
	},
	"TEXT_PLAYER_PAIR" : {
		"EN" : "PLAYER PAIR",
		"ZH" : "闲对",
		"KR" : "PLAYER PAIR",
		"JA" : "PLAYER PAIR"
	},
	"TEXT_Player_Pair" : {
		"EN" : "Player Pair",
		"ZH" : "闲对",
		"KR" : "Player Pair",
		"JA" : "Player Pair"
	},
	"TEXT_Player" : {
		"EN" : "Player",
		"ZH" : "闲",
		"KR" : "Player",
		"JA" : "Player"
	},
	"TEXT_PLAYER" : {
		"EN" : "PLAYER",
		"ZH" : "闲",
		"KR" : "PLAYER",
		"JA" : "PLAYER"
	},
	"TEXT_Tie" : {
		"EN" : "Tie",
		"ZH" : "和",
		"KR" : "Tie",
		"JA" : "Tie"
	},
	"TEXT_ASK_BANKER" : {
		"EN" : "BANKER",
		"ZH" : "庄问路",
		"KR" : "BANKER",
		"JA" : "BANKER"
	},
	"TEXT_ASK_PLAYER" : {
		"EN" : "PLAYER",
		"ZH" : "闲问路",
		"KR" : "PLAYER",
		"JA" : "PLAYER"
	},
	"TEXT_TIE" : {
		"EN" : "TIE",
		"ZH" : "和",
		"KR" : "TIE",
		"JA" : "TIE"
	},
	"TEXT_Banker" : {
		"EN" : "Banker",
		"ZH" : "庄",
		"KR" : "Banker",
		"JA" : "Banker"
	},
	"TEXT_Banker_Payer" : {
		"EN" : "Banker/Player",
		"ZH" : "庄/闲",
		"KR" : "Banker/Player",
		"JA" : "Banker/Player"
	},	"TEXT_BANKER" : {
		"EN" : "BANKER",
		"ZH" : "庄",
		"KR" : "BANKER",
		"JA" : "BANKER"
	},
	"BankerPair" : {
		"EN" : "BankerPair",
		"ZH" : "庄对",
		"KR" : "BankerPair",
		"JA" : "BankerPair"
	},
	"TEXT_BANKERPAIR" : {
		"EN" : "BANKERPAIR",
		"ZH" : "庄对",
		"KR" : "BANKERPAIR",
		"JA" : "BANKERPAIR"
	},
	"TEXT_BANKER_PAIR" : {
		"EN" : "BANKER PAIR",
		"ZH" : "庄对",
		"KR" : "BANKER PAIR",
		"JA" : "BANKER PAIR"
	},
	"TEXT_Banker_Pair" : {
		"EN" : "Banker Pair",
		"ZH" : "庄对",
		"KR" : "Banker Pair",
		"JA" : "Banker Pair"
	},
	"RESULT" : {
		"EN" : "RESULT",
		"ZH" : "结果",
		"KR" : "RESULT",
		"JA" : "RESULT"
	},
	"TEXT_Result" : {
		"EN" : "Result",
		"ZH" : "结果",
		"KR" : "Result",
		"JA" : "Result"
	},
	"BET_QUICK_NOTICE" : {
		"EN" : "Betting,quit after settle, please",
		"ZH" : "正在下注，请结算后再退出！",
		"KR" : "Betting,quit after settle, please",
		"JA" : "Betting,quit after settle, please"
	},
	"MAX_BET" : {
		"EN" : "MAX BET",
		"ZH" : "最高投注",
		"KR" : "MAX_BET",
		"JA" : "MAX_BET"
	},
	"MIN_BET" : {
		"EN" : "MIN BET",
		"ZH" : "最低投注",
		"KR" : "MIN BET",
		"JA" : "MIN BET"
	},
	"TIE_BET_MAX" : {
		"EN" : "TIE BET MAX",
		"ZH" : "和注最高",
		"KR" : "TIE BET MAX",
		"JA" : "TIE BET MAX"
	},
	"TIE_BET_MIN" : {
		"EN" : "TIE BET MIN",
		"ZH" : "和注最低",
		"KR" : "TIE BET MIN",
		"JA" : "TIE BET MIN"
	},
	"Tie_Limit" : {
		"EN" : "Tie Limit",
		"ZH" : "和注限红",
		"KR" : "Tie Limit",
		"JA" : "Tie Limit"
	},
	"PAIR_BET_MAX" : {
		"EN" : "PAIR BET MAX",
		"ZH" : "对子最高",
		"KR" : "PAIR BET MAX",
		"JA" : "PAIR BET MAX"
	},
	"PAIR_BET_MIN" : {
		"EN" : "PAIR BET MIN",
		"ZH" : "对子最低",
		"KR" : "PAIR BET MIN",
		"JA" : "PAIR BET MIN"
	},
	"Pair_Limit" : {
		"EN" : "Pair Limit",
		"ZH" : "对子限红",
		"KR" : "Pair Limit",
		"JA" : "Pair Limit"
	},
	"TEXT_DRAGON" : {
		"EN" : "DRAGON",
		"ZH" : "龙",
		"KR" : "DRAGON",
		"JA" : "DRAGON"
	},
	"TEXT_TIGER" : {
		"EN" : "TIGER",
		"ZH" : "虎",
		"KR" : "TIGER",
		"JA" : "TIGER"
	},
	"TEXT_Dragon" : {
		"EN" : "Dragon",
		"ZH" : "龙",
		"KR" : "Dragon",
		"JA" : "Dragon"
	},
	"TEXT_Tiger" : {
		"EN" : "Tiger",
		"ZH" : "虎",
		"KR" : "Tiger",
		"JA" : "Tiger"
	},
	"TEXT_Tiger_Dragon" : {
		"EN" : "Dragon/Tiger",
		"ZH" : "龙/虎",
		"KR" : "Dragon/Tiger",
		"JA" : "Dragon/Tiger"
	},
	"TEXT_MESSAGE_1" : {
		"EN" : "Place your bets, please",
		"ZH" : "已开局,请下注",
		"KR" : "Place your bets, please",
		"JA" : "Place your bets, please"
	},
	"TEXT_MESSAGE_2" : {
		"EN" : "Can not more bets, please",
		"ZH" : "停止下注",
		"KR" : "Can not more bets, please",
		"JA" : "Can not more bets, please"
	},
	"TEXT_MESSAGE_3" : {
		"EN" : "Bet all remaining balance",
		"ZH" : "剩余余额下注",
		"KR" : "Bet all remaining balance",
		"JA" : "Bet all remaining balance"
	},
	"TEXT_MESSAGE_4" : {
		"EN" : "Not enough balance",
		"ZH" : "账户余额不足",
		"KR" : "Not enough balance",
		"JA" : "Not enough balance"
	},
	"TEXT_MESSAGE_5" : {
		"EN" : "bet is below minimum",
		"ZH" : "不能小于最低投注",
		"KR" : "bet is below minimum",
		"JA" : "bet is below minimum"
	},
	"TEXT_MESSAGE_6" : {
		"EN" : "bet is over maximum",
		"ZH" : "下注金额不能超过最大限红",
		"KR" : "bet is over maximum",
		"JA" : "bet is over maximum"
	},
	"TEXT_MESSAGE_7" : {
		"EN" : "Bet should not exceed limit",
		"ZH" : "下注金额不能大于限红",
		"KR" : "Bet should not exceed limit",
		"JA" : "Bet should not exceed limit"
	},
	"TEXT_MESSAGE_8" : {
		"EN" : "bet Error！Please Rebet",
		"ZH" : "下注出错！请重新下注",
		"KR" : "bet Error！Please Rebet",
		"JA" : "bet Error！Please Rebet"
	},

	"TEXT_MESSAGE_9" : {
		"EN" : "Bet should not less than limit",
		"ZH" : "下注金额不能小于限红",
		"KR" : "Bet should not less than limit",
		"JA" : "Bet should not less than limit"
	},
	"TEXT_BET_RESULT_0" : {
		"EN" : "Bet successful",
		"ZH" : "下注成功",
		"KR" : "Bet successful",
		"JA" : "Bet successful"
	},
	"TEXT_BET_RESULT_4" : {
		"EN" : "Insufficient fund",
		"ZH" : "余额不足",
		"KR" : "Insufficient fund",
		"JA" : "Insufficient fund"
	},
	"TEXT_BET_RESULT_5" : {
		"EN" : "Your account had been locked, No bet",
		"ZH" : "账户被锁定，禁止下注",
		"KR" : "Your account had been locked, No bet",
		"JA" : "Your account had been locked, No bet"
	},
	"TEXT_Shoeid" : {
		"EN" : "Shoeid",
		"ZH" : "靴-局",
		"KR" : "Shoeid",
		"JA" : "Shoeid"
	},
	"TEXT_SHOEID" : {
		"EN" : "SHOEID",
		"ZH" : "靴-局",
		"KR" : "SHOEID",
		"JA" : "SHOEID"
	},
	"TEXT_SHOE_ID" : {
		"EN" : "SHOE ID",
		"ZH" : "靴-局",
		"KR" : "SHOE ID",
		"JA" : "SHOE ID"
	},
	"TEXT_Shoe" : {
		"EN" : "Shoe",
		"ZH" : "靴数",
		"KR" : "Shoe",
		"JA" : "Shoe"
	},
	"TEXT_USERNAME" : {
		"EN" : "Name",
		"ZH" : "用户",
		"KR" : "Name",
		"JA" : "Name"
	},
	"TEXT_PASSWORD" : {
		"EN" : "PassWord",
		"ZH" : "密码",
		"KR" : "PassWord",
		"JA" : "PassWord"
	},
	"TEXT_LOGIN" : {
		"EN" : "Login",
		"ZH" : "登入",
		"KR" : "Login",
		"JA" : "Login"
	},
	"TEXT_QE_LOGIN" : {
		"EN" : "Scan code",
		"ZH" : "扫码绑定",
		"KR" : "Scan code",
		"JA" : "Scan code"
	},
	"TEXT_REGIST" : {
		"EN" : "Registered",
		"ZH" : "注册账号",
		"KR" : "Registered",
		"JA" : "Registered"
	},
	"TEXT_RESET" : {
		"EN" : "Reset",
		"ZH" : "重置",
		"KR" : "Reset",
		"JA" : "Reset"
	},
	"TEXT_NO_NAME" : {
		"EN" : "User name can not be empty",
		"ZH" : "用户名不能为空",
		"KR" : "User name can not be empty",
		"JA" : "User name can not be empty"
	},
	"TEXT_NO_PWD" : {
		"EN" : "Password can not be blank",
		"ZH" : "密码不能为空",
		"KR" : "Password can not be blank",
		"JA" : "Password can not be blank"
	},
	"TEXT_LOGIN_RESULT_1" : {
		"EN" : "",
		"ZH" : "",
		"KR" : "TEXT_LOGIN_RESULT_1",
		"JA" : "TEXT_LOGIN_RESULT_1"
	},
	"TEXT_LOGIN_RESULT_2" : {
		"EN" : "Client Data Error！",
		"ZH" : "客户端数据错误！",
		"KR" : "Client Data Error！",
		"JA" : "Client Data Error！"
	},
	"TEXT_LOGIN_RESULT_3" : {
		"EN" : "ERROR! Invalid Operation！",
		"ZH" : "无效的操作！",
		"KR" : "ERROR! Invalid Operation！",
		"JA" : "ERROR! Invalid Operation！"
	},
	"TEXT_LOGIN_RESULT_6" : {
		"EN" : "User is not active！",
		"ZH" : "用户未激活！",
		"KR" : "User is not active！",
		"JA" : "User is not active！"
	},
	"TEXT_LOGIN_RESULT_7" : {
		"EN" : "Account is locked！",
		"ZH" : "账号被锁定！",
		"KR" : "Account is locked！",
		"JA" : "Account is locked！"
	},
	"TEXT_LOGIN_RESULT_401" : {
		"EN" : "Login authentication failed！",
		"ZH" : "登录认证失败！",
		"KR" : "Login authentication failed！",
		"JA" : "Login authentication failed！"
	},
	"TEXT_LOGIN_RESULT_500" : {
		"EN" : "Server internal error！",
		"ZH" : "服务器内部错误！",
		"KR" : "Server internal error！",
		"JA" : "Server internal error！"
	},
	"SERVER_DISCONNECTED" : {
		"EN" : "Server Is Disconnected！",
		"ZH" : "服务器连接断开！",
		"KR" : "Server Is Disconnected！",
		"JA" : "Server Is Disconnected！"
	},
	"TEXT_SHUFFLE" : {
		"EN" : "Shuffle",
		"ZH" : "洗牌中",
		"KR" : "Shuffle",
		"JA" : "Shuffle"
	},
	"TEXT_BACCARAT" : {
		"EN" : "BACCARAT",
		"ZH" : "百家乐",
		"KR" : "BACCARAT",
		"JA" : "BACCARAT"
	},
	"TEXT_Baccarat" : {
		"EN" : "Baccarat",
		"ZH" : "百家乐",
		"KR" : "Baccarat",
		"JA" : "Baccarat"
	},
	"TEXT_TOTAL" : {
		"EN" : "TOTAL",
		"ZH" : "总数",
		"KR" : "TOTAL",
		"JA" : "TOTAL"
	},
	"TEXT_Total" : {
		"EN" : "Total",
		"ZH" : "总数",
		"KR" : "Total",
		"JA" : "Total"
	},
	"TEXT_SUPERSIXMAX" : {
		"EN" : "SUPERSIXMAX",
		"ZH" : "免佣最高",
		"KR" : "SUPERSIXMAX",
		"JA" : "SUPERSIXMAX"
	},
	"Super6_Limit" : {
		"EN" : "Super6 Limit",
		"ZH" : "免佣限红",
		"KR" : "Super6 Limit",
		"JA" : "Super6 Limit"
	},
	"TEXT_TABLE" : {
		"EN" : "TABLE",
		"ZH" : "桌号",
		"KR" : "TABLE",
		"JA" : "TABLE"
	},

	"TEXT_Table" : {
		"EN" : "Table",
		"ZH" : "桌号",
		"KR" : "Table",
		"JA" : "Table"
	},

	"TEXT_Table_1" : {
		"EN" : "Table",
		"ZH" : "台",
		"KR" : "Table",
		"JA" : "Table"
	},
	"TEXT_Bead_Road" : {
		"EN" : "Bead Road",
		"ZH" : "珠盘路",
		"KR" : "Bead Road",
		"JA" : "Bead Road"
	},
	"TEXT_Big_Road" : {
		"EN" : "Big Road",
		"ZH" : "大路",
		"KR" : "Big Road",
		"JA" : "Big Road"
	},
	"TEXT_Big_ye_Road" : {
		"EN" : "Big ye Road",
		"ZH" : "大眼仔",
		"KR" : "Big ye Road",
		"JA" : "Big ye Road"
	},
	"TEXT_Small_Road" : {
		"EN" : "Small Road",
		"ZH" : "小路",
		"KR" : "Small Road",
		"JA" : "Small Road"
	},
	"TEXT_CockRoach_Road" : {
		"EN" : "CockRoach Road",
		"ZH" : "曱甴路",
		"KR" : "CockRoach Road",
		"JA" : "CockRoach Road"
	},
	"SERVER_NOTICE_LOADING" : {
		"EN" : "Connecting Server",
		"ZH" : "连接服务器中",
		"KR" : "Connecting Server",
		"JA" : "Connecting Server"
	},
	"SERVER_NOTICE_CLOSE_SERVER" : {
		"EN" : "Closed Server！Please Check NetWork ReConnect Server",
		"ZH" : "连接失败，请检查网络后重新连接！",
		"KR" : "Closed Server！Please Check NetWork ReConnect Server",
		"JA" : "Closed Server！Please Check NetWork ReConnect Server"
	},
	"LOGIN_FROM_PLATFORM_NOTICE" : {
		"EN" : "Login from platform! please",
		"ZH" : "请从平台登录！",
		"KR" : "Login from platform! please",
		"JA" : "Login from platform! please"
	},
	"TEXT_DragonTiger" : {
		"EN" : "DragonTiger",
		"ZH" : "龙虎",
		"KR" : "DragonTiger",
		"JA" : "DragonTiger"
	},
	"TEXT_OUT" : {
		"EN" : "Your account has been logged in elsewhere! If you have any questions, please contact customer service.",
		"ZH" : "您的账号已在其他地方登录！如有疑问请联系客服!",
		"KR" : "Your account has been logged in elsewhere! If you have any questions, please contact customer service.",
		"JA" : "Your account has been logged in elsewhere! If you have any questions, please contact customer service."
	},
	"TEXT_Settings" : {
		"EN" : "Settings",
		"ZH" : "系统设置",
		"KR" : "Settings",
		"JA" : "Settings"
	},
	"TEXT_SETTINGS" : {
		"EN" : "SETTINGS",
		"ZH" : "系统设置",
		"KR" : "SETTINGS",
		"JA" : "SETTINGS"
	},
	"TEXT_Game" : {
		"EN" : "Game",
		"ZH" : "游戏",
		"KR" : "Game",
		"JA" : "Game"
	},
	"TEXT_Chips" : {
		"EN" : "Custom Chips",
		"ZH" : "自选筹码",
		"KR" : "Custom Chips",
		"JA" : "Custom Chips"
	},
	"TEXT_Avatar" : {
		"EN" : "Avatar",
		"ZH" : "头像",
		"KR" : "Avatar",
		"JA" : "Avatar"
	},
	"TEXT_Game_Records" : {
		"EN" : "Game Records",
		"ZH" : "游戏记录",
		"KR" : "Game Records",
		"JA" : "Game Records"
	},
	"TEXT_RECORDS" : {
		"EN" : "RECORDS",
		"ZH" : "记录",
		"KR" : "RECORDS",
		"JA" : "RECORDS"
	},
	"TEXT_Records" : {
		"EN" : "Records",
		"ZH" : "记录",
		"KR" : "Records",
		"JA" : "Records"
	},
	"TEXT_REPORTS" : {
		"EN" : "REPORTS",
		"ZH" : "报告",
		"KR" : "REPORTS",
		"JA" : "REPORTS"
	},
	"TEXT_Reports" : {
		"EN" : "Reports",
		"ZH" : "报告",
		"KR" : "Reports",
		"JA" : "Reports"
	},
	"TEXT_GAME_RULES" : {
		"EN" : "GAME RULES",
		"ZH" : "游戏规则",
		"KR" : "GAME RULES",
		"JA" : "GAME RULES"
	},
	"TEXT_Game_Rules" : {
		"EN" : "Game Rules",
		"ZH" : "规则",
		"KR" : "Game Rules",
		"JA" : "Game Rules"
	},
	"TEXT_English" : {
		"EN" : "English",
		"ZH" : "英语",
		"KR" : "English",
		"JA" : "English"
	},
	"TEXT_Chinese" : {
		"EN" : "Chinese",
		"ZH" : "中文",
		"KR" : "Chinese",
		"JA" : "Chinese"
	},
	"TEXT_Korean" : {
		"EN" : "Korean",
		"ZH" : "韩文",
		"KR" : "Korean",
		"JA" : "Korean"
	},
	"TEXT_Japanese" : {
		"EN" : "Japanese",
		"ZH" : "日文",
		"KR" : "Japanese",
		"JA" : "Japanese"
	},
	"TEXT_Backgound_Music" : {
		"EN" : "Backgound Music",
		"ZH" : "背景音乐",
		"KR" : "Backgound Music",
		"JA" : "Backgound Music"
	},
	"TEXT_Live_Sound" : {
		"EN" : "Live Sound",
		"ZH" : "直播声音",
		"KR" : "Live Sound",
		"JA" : "Live Sound"
	},
	"TEXT_Sound_Effects" : {
		"EN" : "Sound Effects",
		"ZH" : "音效",
		"KR" : "Sound Effects",
		"JA" : "Sound Effects"
	},
	"TEXT_Chat" : {
		"EN" : "Chat",
		"ZH" : "聊天",
		"KR" : "Chat",
		"JA" : "Chat"
	},
	"TEXT_Video_Switch" : {
		"EN" : "Video Switch",
		"ZH" : "切换",
		"KR" : "Video Switch",
		"JA" : "Video Switch"
	},
	"TEXT_Language" : {
		"EN" : "Language",
		"ZH" : "语言",
		"KR" : "Language",
		"JA" : "Language"
	},
	"TEXT_OTHER_SETTINGS" : {
		"EN" : "OTHER SETTINGS",
		"ZH" : "其他设置",
		"KR" : "OTHER SETTINGS",
		"JA" : "OTHER SETTINGS"
	},

	"TEXT_Video_Line" : {
		"EN" : "Video Line",
		"ZH" : "视频线路",
		"KR" : "Video Line",
		"JA" : "Video Line"
	},
	"TEXT_Video_LineV" : {
		"EN" : "Video Line",
		"ZH" : "线路",
		"KR" : "Video Line",
		"JA" : "Video Line"
	},

	"TEXT_Video" : {
		"EN" : "Video",
		"ZH" : "视频",
		"KR" : "Video",
		"JA" : "Video"
	},
	"TEXT_Video_Clarity_Hd" : {
		"EN" : "HD",
		"ZH" : "高清",
		"KR" : "HD",
		"JA" : "HD"
	},
	"TEXT_Video_Clarity_Sd" : {
		"EN" : "SD",
		"ZH" : "标清",
		"KR" : "SD",
		"JA" : "SD"
	},
	"TEXT_Video_Clarity_Fl" : {
		"EN" : "Fluency",
		"ZH" : "流畅",
		"KR" : "Fluency",
		"JA" : "Fluency"
	},
	"TEXT_Video_Clarity_At" : {
		"EN" : "Automatic",
		"ZH" : "自动",
		"KR" : "Automatic",
		"JA" : "Automatic"
	},
	"TEXT_Super_Six" : {
		"EN" : "Super Six",
		"ZH" : "免佣",
		"KR" : "Super Six",
		"JA" : "Super Six"
	},
	"TEXT_SUPER_6" : {
		"EN" : "SUPER 6",
		"ZH" : "免佣",
		"KR" : "SUPER 6",
		"JA" : "SUPER 6"
	},
	"TEXT_EXIT" : {
		"EN" : "EXIT",
		"ZH" : "退出",
		"KR" : "EXIT",
		"JA" : "EXIT"
	},
	"TEXT_Exit" : {
		"EN" : "Exit",
		"ZH" : "退出",
		"KR" : "Exit",
		"JA" : "Exit"
	},
	"TEXT_Exit1" : {
		"EN" : "Exit",
		"ZH" : "离桌",
		"KR" : "Exit",
		"JA" : "Exit"
	},
	"TEXT_Date" : {
		"EN" : "Date",
		"ZH" : "日期",
		"KR" : "Date",
		"JA" : "Date"
	},

	"TEXT_Win/Lose" : {
		"EN" : "Win/Lose",
		"ZH" : "赢/输",
		"KR" : "Win/Lose",
		"JA" : "Win/Lose"
	},

	"TEXT_Win" : {
		"EN" : "Win",
		"ZH" : "赢",
		"KR" : "Win",
		"JA" : "Win"
	},

	"TEXT_Wins" : {
		"EN" : "Wins",
		"ZH" : "赢",
		"KR" : "Wins",
		"JA" : "Wins"
	},

	"TEXT_Lose" : {
		"EN" : "Lose",
		"ZH" : "输",
		"KR" : "Lose",
		"JA" : "Lose"
	},

	"TEXT_Rolling" : {
		"EN" : "Rolling",
		"ZH" : "洗码",
		"KR" : "Rolling",
		"JA" : "Rolling"
	},

	"TEXT_Submit" : {
		"EN" : "Submit",
		"ZH" : "提交",
		"KR" : "Submit",
		"JA" : "Submit"
	},
	
	"TEXT_Total_players" : {
		"EN" : "Total players",
		"ZH" : "玩家总人数",
		"KR" : "Total players",
		"JA" : "Total players"
	},

	"TEXT_Enter" : {
		"EN" : "Enter",
		"ZH" : "进入游戏",
		"KR" : "Enter",
		"JA" : "Enter"
	},

	"TEXT_Refresh_Video" : {
		"EN" : "Refresh Video",
		"ZH" : "刷新视频",
		"KR" : "Refresh Video",
		"JA" : "Refresh Video"
	},

	"TEXT_REFRESH_VIDEO" : {
		"EN" : "REFRESH VIDEO",
		"ZH" : "刷新视频",
		"KR" : "REFRESH VIDEO",
		"JA" : "REFRESH VIDEO"
	},


	"TEXT_Change_Table" : {
		"EN" : "Change Table",
		"ZH" : "换桌",
		"KR" : "Change Table",
		"JA" : "Change Table"
	},

	"TEXT_Confirm_Bet" : {
		"EN" : "Confirm",
		"ZH" : "确认下注",
		"KR" : "Confirm",
		"JA" : "Confirm"
	},

	"TEXT_Cancel_Bet" : {
		"EN" : "Cancel",
		"ZH" : "取消下注",
		"KR" : "Cancel",
		"JA" : "Cancel"
	},

	"TEXT_Confirm" : {
		"EN" : "Confirm",
		"ZH" : "确认",
		"KR" : "Confirm",
		"JA" : "Confirm"
	},
	"TEXT_Confirm_1" : {
		"EN" : "Confirm",
		"ZH" : "确定",
		"KR" : "Confirm",
		"JA" : "Confirm"
	},
	"TEXT_Cancel" : {
		"EN" : "Cancel",
		"ZH" : "取消",
		"KR" : "Cancel",
		"JA" : "Cancel"
	},

	"TEXT_Back_Step" : {
		"EN" : "Back Step",
		"ZH" : "后退一步",
		"KR" : "Back Step",
		"JA" : "Back Step"
	},

	"TEXT_GoodTips" : {
		"EN" : "Tips",
		"ZH" : "好路提示",
		"KR" : "Tips",
		"JA" : "Tips"
	},

	"TEXT_Banker_wins_at_6_pays_2_to_1" : {
		"EN" : "Banker wins at 6 pays 2 to 1",
		"ZH" : "庄6点赢赔0.5",
		"KR" : "Banker wins at 6 pays 2 to 1",
		"JA" : "Banker wins at 6 pays 2 to 1"
	},

	"TEXT_GoodTips1" : {
		"EN" : "GoodTips1",
		"ZH" : "长庄",
		"KR" : "GoodTips1",
		"JA" : "GoodTips1"
	},
	"TEXT_GoodTipsDt1" : {
		"EN" : "GoodTips1",
		"ZH" : "长虎",
		"KR" : "GoodTips1",
		"JA" : "GoodTips1"
	},
	"TEXT_GoodTips2" : {
		"EN" : "GoodTips2",
		"ZH" : "长閒",
		"KR" : "GoodTips2",
		"JA" : "GoodTips2"
	},
	"TEXT_GoodTipsDt2" : {
		"EN" : "GoodTips2",
		"ZH" : "长龙",
		"KR" : "GoodTips2",
		"JA" : "GoodTips2"
	},
	"TEXT_GoodTips3" : {
		"EN" : "GoodTips3",
		"ZH" : "长路转单跳",
		"KR" : "GoodTips3",
		"JA" : "GoodTips3"
	},

	"TEXT_GoodTips4" : {
		"EN" : "GoodTips4",
		"ZH" : "大路单跳",
		"KR" : "GoodTips4",
		"JA" : "GoodTips4"
	},

	"TEXT_GoodTips5" : {
		"EN" : "GoodTips5",
		"ZH" : "一厅两房(庄)",
		"KR" : "GoodTips5",
		"JA" : "GoodTips5"
	},

	"TEXT_GoodTips6" : {
		"EN" : "GoodTips6",
		"ZH" : "一厅两房(閒)",
		"KR" : "GoodTips6",
		"JA" : "GoodTips6"
	},

	"TEXT_GoodTips7" : {
		"EN" : "GoodTips7",
		"ZH" : "一三二四大眼仔单跳",
		"KR" : "GoodTips7",
		"JA" : "GoodTips7"
	},

	"TEXT_GoodTips8" : {
		"EN" : "GoodTips8",
		"ZH" : "曱甴长路",
		"KR" : "GoodTips8",
		"JA" : "GoodTips8"
	},
	"TEXT_GOODTIPSAPPEAR" : {
		"EN" : "Appear",
		"ZH" : "<color=#00cc33>号</color>桌出现",
		"KR" : "Appear",
		"JA" : "Appear"
	},
	"TEXT_All_Games" : {
		"EN" : "All Games",
		"ZH" : "全部游戏",
		"KR" : "All Games",
		"JA" : "All Games"
	},

	"TEXT_Query" : {
		"EN" : "Query",
		"ZH" : "查询",
		"KR" : "Query",
		"JA" : "Query"
	},

	"TEXT_Betting_Time" : {
		"EN" : "Betting Time",
		"ZH" : "下注时间",
		"KR" : "Betting Time",
		"JA" : "Betting Time"
	},

	"TEXT_Betting_Area" : {
		"EN" : "Betting Area",
		"ZH" : "下注区",
		"KR" : "Betting Area",
		"JA" : "Betting Area"
	},

	"TEXT_Betting_Amount" : {
		"EN" : "Betting Amount",
		"ZH" : "下注金额",
		"KR" : "Betting Amount",
		"JA" : "Betting Amount"
	},

	"TEXT_OrderNum" : {
		"EN" : "OrderNum",
		"ZH" : "注单号",
		"KR" : "OrderNum",
		"JA" : "OrderNum"
	},

	"TEXT_Win_Lose" : {
		"EN" : "Win/Lose",
		"ZH" : "输赢",
		"KR" : "Win/Lose",
		"JA" : "Win/Lose"
	},

	"TEXT_HomePage" : {
		"EN" : "Home",
		"ZH" : "首页",
		"KR" : "Home",
		"JA" : "Home"
	},

	"TEXT_PreviousPage" : {
		"EN" : "Previous",
		"ZH" : "上一页",
		"KR" : "Previous",
		"JA" : "Previous"
	},

	"TEXT_NextPage" : {
		"EN" : "Next",
		"ZH" : "下一页",
		"KR" : "Next",
		"JA" : "Next"
	},

	"TEXT_LastPage" : {
		"EN" : "Last",
		"ZH" : "尾页",
		"KR" : "Last",
		"JA" : "Last"
	},

	"TEXT_CurrentPage" : {
		"EN" : "Current",
		"ZH" : "当前页",
		"KR" : "Current",
		"JA" : "Current"
	},

	"TEXT_TotalPage" : {
		"EN" : "Total",
		"ZH" : "总页数",
		"KR" : "Total",
		"JA" : "Total"
	},

	"TEXT_SUN" : {
		"EN" : "SUN",
		"ZH" : "日",
		"KR" : "SUN",
		"JA" : "SUN"
	},
	"TEXT_MON" : {
		"EN" : "MON",
		"ZH" : "一",
		"KR" : "MON",
		"JA" : "MON"
	},
	"TEXT_TUE" : {
		"EN" : "TUE",
		"ZH" : "二",
		"KR" : "TUE",
		"JA" : "TUE"
	},
	"TEXT_WED" : {
		"EN" : "WED",
		"ZH" : "三",
		"KR" : "WED",
		"JA" : "WED"
	},
	"TEXT_THU" : {
		"EN" : "THU",
		"ZH" : "四",
		"KR" : "THU",
		"JA" : "THU"
	},
	"TEXT_FRI" : {
		"EN" : "FRI",
		"ZH" : "五",
		"KR" : "FRI",
		"JA" : "FRI"
	},
	"TEXT_SAT" : {
		"EN" : "SAT",
		"ZH" : "六",
		"KR" : "SAT",
		"JA" : "SAT"
	},

	"TEXT_TODAY" : {
		"EN" : "TODAY",
		"ZH" : "今天",
		"KR" : "TODAY",
		"JA" : "TODAY"
	},

	"TEXT_Last_3_Times" : {
		"EN" : "Since you have not bet three times, the game will automatically return to the hall after two times",
		"ZH" : "由于您已三局未下注，两局后会自动返回大厅！",
		"KR" : "Since you have not bet three times, the game will automatically return to the hall after two times",
		"JA" : "Since you have not bet three times, the game will automatically return to the hall after two times"
	},
	"TEXT_Last_5_Times" : {
		"EN" : "Since you have not bet five times, the game will  return to the hall",
		"ZH" : "由于您连续五局未下注，自动返回大厅！",
		"KR" : "Since you have not bet five times, the game will  return to the hall",
		"JA" : "Since you have not bet five times, the game will  return to the hall"
	},

	"TEXT_Set_Usual_5_chips" : {
		"EN" : "Please select your usual 5 chips",
		"ZH" : "请选择您常用的5个筹码",
		"KR" : "Please select your usual 5 chips",
		"JA" : "Please select your usual 5 chips"
	},

	"TEXT_START_DATE" : {
		"EN" : "Start date",
		"ZH" : "起始日期",
		"KR" : "Start date",
		"JA" : "Start date"
	},

	"TEXT_END_DATE" : {
		"EN" : "End date",
		"ZH" : "结束日期",
		"KR" : "End date",
		"JA" : "End date"
	},
	"TEXT_MORE" : {
		"EN" : "More",
		"ZH" : "功能展开",
		"KR" : "More",
		"JA" : "More"
	},
	"TEXT_PROMPT": {
		"EN" : "Recommend using chrome browser Get better video experience",
		"ZH" : "推荐使用chrome浏览器 可以获得更好的视讯体验",
		"KR" : "Recommend using chrome browser Get better video experience",
		"JA" : "Recommend using chrome browser Get better video experience"
	},
	"TEXT_NO_HISTORY" : {
		"EN" : "No record",
		"ZH" : "没有历史记录",
		"KR" : "No record",
		"JA" : "No record"
	},

	"TEXT_NORMAL_BACCARAT" : {
		"EN" : "Normal",
		"ZH" : "标准百家乐",
		"KR" : "Normal",
		"JA" : "Normal"
	},
	"TEXT_SUPERSIX_BACCARAT" : {
		"EN" : "SuperSix",
		"ZH" : "免佣百家乐",
		"KR" : "SuperSix",
		"JA" : "SuperSix"
	},
	"TEXT_CHAIN_BACCARAT" : {
			"EN" : "ChainBaccarat",
			"ZH" : "联合百家乐",
			"KR" : "ChainBaccarat",
			"JA" : "ChainBaccarat"
		},

		"TEXT_CHAIN" : {
			"EN" : "Chain",
			"ZH" : "多桌",
			"KR" : "Chain",
			"JA" : "Chain"
		},	"TEXT_NO_GOODROAD":{
		"EN" : "No GoodRoad",
		"ZH" : "暂时未有好路",
		"KR" : "No GoodRoad",
		"JA" : "No GoodRoad"
	},
	"TEXT_TABLE_NUMBER":{
		"EN" : "Table",
		"ZH" : "号桌",
		"KR" : "Table",
		"JA" : "Table"
	},
	"TEXT_TABLE_WIN":{
		"EN" : "You Win",
		"ZH" : "您赢: ",
		"KR" : "You Win",
		"JA" : "You Win"
	},
	"TEXT_TABLE_LOSE":{
		"EN" : "You Lose",
		"ZH" : "您输: ",
		"KR" : "You Lose",
		"JA" : "You Lose"
	},
	"TEXT_STATUS_0":{
		"EN" : "Shuffle",
		"ZH" : "洗牌中",
		"KR" : "Shuffle",
		"JA" : "Shuffle"
	},

	"TEXT_STATUS_1":{
		"EN" : "Start",
		"ZH" : "开始",
		"KR" : "Start",
		"JA" : "Start"
	},
	"TEXT_STATUS_2":{
		"EN" : "Deal",
		"ZH" : "发牌中",
		"KR" : "Deal",
		"JA" : "Deal"
	},
	"TEXT_STATUS_3":{
		"EN" : "Payout",
		"ZH" : "结算中",
		"KR" : "Payout",
		"JA" : "Payout"
	},
	"TEXT_STATUS_4":{
		"EN" : "Rest",
		"ZH" : "休息中",
		"KR" : "Rest",
		"JA" : "Rest"
	},
	"TEXT_STATUS_5":{
		"EN" : "Invalid",
		"ZH" : "无效",
		"KR" : "Invalid",
		"JA" : "Invalid"
	},
	"TEXT_GAME_TYPE":{
		"EN" : "GameType",
		"ZH" : "游戏模式",
		"KR" : "GameType",
		"JA" : "GameType"
	},
	"TEXT_REPEAT_BET":{
		"EN" : "Repeat Bet",
		"ZH" : "重复下注",
		"KR" : "Repeat Bet",
		"JA" : "Repeat Bet"
	},
	"TEXT_PAYOUT_RESULT":{
		"EN" : "Result",
		"ZH" : "派彩",
		"KR" : "Result",
		"JA" : "Result"
	},
	"TEXT_NO_RECORD":{
		"EN" : "No Record",
		"ZH" : "没有记录",
		"KR" : "No Record",
		"JA" : "No Record"
	},
	"TEXT_CHANGE_VIDEO":{
		"EN" : "Change",
		"ZH" : "选择视讯",
		"KR" : "Change",
		"JA" : "Change"
	},
	"TEXT_CHANGE_TABLE_1":{
		"EN" : "Change Table",
		"ZH" : "选择桌台",
		"KR" : "Change Table",
		"JA" : "Change Table"
	},

	"TEXT_Enter_One" : {
		"EN" : "EnterOne",
		"ZH" : "进入单桌",
		"KR" : "EnterOne",
		"JA" : "EnterOne"
	},

	"TEXT_TABLE_ID" : {
		"EN" : "TABLE 0",
		"ZH" : "0 号桌",
		"KR" : "TABLE 0",
		"JA" : "TABLE 0"
	},
	"TEXT_BANKER_WINS" : {
		"EN" : "Banker Wins",
		"ZH" : "庄赢",
		"KR" : "Banker Wins",
		"JA" : "Banker Wins"
	},

	"TEXT_PLAYER_WINS" : {
		"EN" : "Player Wins",
		"ZH" : "闲赢",
		"KR" : "Player Wins",
		"JA" : "Player Wins"
	},
	"TEXT_TIE_WINS" : {
		"EN" : "Tie Wins",
		"ZH" : "和局",
		"KR" : "Tie Wins",
		"JA" : "Tie Wins"
	},
	"TEXT_USER_NAME":{
		"EN" : "UserName",
		"ZH" : "用户名",
		"KR" : "UserName",
		"JA" : "UserName"
	},
	"TEXT_ACCOUNT_BALANCE":{
		"EN" : "Balance",
		"ZH" : "账户余额",
		"KR" : "Balance",
		"JA" : "Balance"
	},
	"TEXT_ACCOUNT_BALANCE1":{
		"EN" : "Balance",
		"ZH" : "余额",
		"KR" : "Balance",
		"JA" : "Balance"
	},
	"TEXT_BET_LIMIT":{
		"EN" : "Bet Limit",
		"ZH" : "下注限红",
		"KR" : "Bet Limit",
		"JA" : "Bet Limit"
	},
	"TEXT_TABLE_POSITION_1":{
		"EN" : "Position 1",
		"ZH" : "位置 1",
		"KR" : "Position 1",
		"JA" : "Position 1"
	},
	"TEXT_TABLE_POSITION_2":{
		"EN" : "Position 2",
		"ZH" : "位置 2",
		"KR" : "Position 2",
		"JA" : "Position 2"
	},
	"TEXT_TABLE_POSITION_3":{
		"EN" : "Position 3",
		"ZH" : "位置 3",
		"KR" : "Position 3",
		"JA" : "Position 3"
	},
	"TEXT_TABLE_POSITION_4":{
		"EN" : "Position 4",
		"ZH" : "位置 4",
		"KR" : "Position 4",
		"JA" : "Position 4"
	},
	"TEXT_Set" : {
		"EN" : "Settings",
		"ZH" : "设置",
		"KR" : "Settings",
		"JA" : "Settings"
	},
	"TEXT_Big" : {
		"EN" : "Big",
		"ZH" : "大",
		"KR" : "Big",
		"JA" : "Big"
	},
	"TEXT_Small" : {
		"EN" : "Small",
		"ZH" : "小",
		"KR" : "Small",
		"JA" : "Small"
	},
	"TEXT_Single" : {
		"EN" : "Odd",
		"ZH" : "单",
		"KR" : "Odd",
		"JA" : "Odd"
	},
	"TEXT_Double" : {
		"EN" : "Even",
		"ZH" : "双",
		"KR" : "Even",
		"JA" : "Even"
	},
	"TEXT_Red" : {
		"EN" : "Red",
		"ZH" : "红",
		"KR" : "Red",
		"JA" : "Red"
	},
	"TEXT_Black" : {
		"EN" : "Black",
		"ZH" : "黑",
		"KR" : "Black",
		"JA" : "Black"
	},
	"TEXT_Column1" : {
		"EN" : "1st Column",
		"ZH" : "第一列",
		"KR" : "1st Column",
		"JA" : "1st Column"
	},
	"TEXT_Column2" : {
		"EN" : "2nd Column",
		"ZH" : "第二列",
		"KR" : "2nd Column",
		"JA" : "2nd Column"
	},
	"TEXT_Column3" : {
		"EN" : "3rd Column",
		"ZH" : "第三列",
		"KR" : "3rd Column",
		"JA" : "3rd Column"
	},
	"TEXT_Dozen1" : {
		"EN" : "1st Dozen",
		"ZH" : "第一打",
		"KR" : "1st Dozen",
		"JA" : "1st Dozen"
	},
	"TEXT_Dozen2" : {
		"EN" : "2nd Dozen",
		"ZH" : "第二打",
		"KR" : "2nd Dozen",
		"JA" : "2nd Dozen"
	},
	"TEXT_Dozen3" : {
		"EN" : "3rd Dozen",
		"ZH" : "第三打",
		"KR" : "3rd Dozen",
		"JA" : "3rd Dozen"
	},
	"TEXT_Dozen11" : {
		"EN" : "1st D   o   z   e   n",
		"ZH" : "第一打",
		"KR" : "1st Dozen",
		"JA" : "1st Dozen"
	},
	"TEXT_Dozen22" : {
		"EN" : "2nd D   o   z   e   n",
		"ZH" : "第二打",
		"KR" : "2nd Dozen",
		"JA" : "2nd Dozen"
	},
	"TEXT_Dozen33" : {
		"EN" : "3rd D   o   z   e   n",
		"ZH" : "第三打",
		"KR" : "3rd Dozen",
		"JA" : "3rd Dozen"
	},
	"TEXT_Zero" : {
		"EN" : "Zero",
		"ZH" : "零",
		"KR" : "Zero",
		"JA" : "Zero"
	},
	"TEXT_Thire_Cylinder" : {
		"EN" : "Third Cylinder",
		"ZH" : "轮盘下角注",
		"KR" : "Third Cylinder",
		"JA" : "Third Cylinder"
	},
	"TEXT_Orphans" : {
		"EN" : "Orphans",
		"ZH" : "轮上孤注",
		"KR" : "Orphans",
		"JA" : "Orphans"
	},
	"TEXT_Neighbors_Zero" : {
		"EN" : "NeighborsZero",
		"ZH" : "零旁注上角",
		"KR" : "NeighborsZero",
		"JA" : "NeighborsZero"
	},
	"TEXT_Zero1" : {
		"EN" : "Zero",
		"ZH" : "轮上零旁",
		"KR" : "Zero",
		"JA" : "Zero"
	},
	"TEXT_Number" : {
		"EN" : "Number",
		"ZH" : "游戏局号",
		"KR" : "Number",
		"JA" : "Number"
	},
	"TEXT_Bet_Total" : {
		"EN" : "Bet Total",
		"ZH" : "您下注总额",
		"KR" : "Bet Total",
		"JA" : "Bet Total"
	},
	"TEXT_Roulette" : {
		"EN" : "Roulette",
		"ZH" : "轮盘",
		"KR" : "Roulette",
		"JA" : "Roulette"
	},
	"TEXT_Roulette1" : {
		"EN" : "ROULETTE",
		"ZH" : "轮盘",
		"KR" : "ROULETTE",
		"JA" : "ROULETTE"	
	},
	"TEXT_Roulette_Bet_Lowest" : {
		"EN" : "Lowest",
		"ZH" : "最低投注",
		"KR" : "Lowest",
		"JA" : "Lowest"
	},
	"TEXT_Roulette_Bet_Single" : {
		"EN" : "Single",
		"ZH" : "直接注",
		"KR" : "Single",
		"JA" : "Single"
	},
	"TEXT_Roulette_Bet_Two" : {
		"EN" : "Two",
		"ZH" : "分注",
		"KR" : "Two",
		"JA" : "Two"
	},
	"TEXT_Roulette_Bet_Three" : {
		"EN" : "Three",
		"ZH" : "街注/三数",
		"KR" : "Three",
		"JA" : "Three"
	},
	"TEXT_Roulette_Bet_Three1" : {
		"EN" : "Three",
		"ZH" : "三数",
		"KR" : "Three",
		"JA" : "Three"
	},
	"TEXT_Roulette_Bet_Three2" : {
		"EN" : "Three",
		"ZH" : "街注",
		"KR" : "Three",
		"JA" : "Three"
	},
	"TEXT_Roulette_Bet_Four" : {
		"EN" : "Four",
		"ZH" : "角注/四数",
		"KR" : "Four",
		"JA" : "Four"
	},
	"TEXT_Roulette_Bet_Fou1" : {
		"EN" : "Four",
		"ZH" : "四数",
		"KR" : "Four",
		"JA" : "Four"
	},
	"TEXT_Roulette_Bet_Four2" : {
		"EN" : "Four",
		"ZH" : "角注",
		"KR" : "Four",
		"JA" : "Four"
	},
	"TEXT_Roulette_Bet_Six" : {
		"EN" : "Six",
		"ZH" : "线注",
		"KR" : "Six",
		"JA" : "Six"
	},
	"TEXT_Roulette_Bet_Dozen" : {
		"EN" : "Dozen/Col",
		"ZH" : "打/列",
		"KR" : "Dozen/Col",
		"JA" : "Dozen/Col"
	},
	"TEXT_Roulette_Bet_Dozen1" : {
		"EN" : "Dozen",
		"ZH" : "打",
		"KR" : "Dozen",
		"JA" : "Dozen"
	},
	"TEXT_Roulette_Bet_Column" : {
		"EN" : "Column",
		"ZH" : "列",
		"KR" : "Column",
		"JA" : "Column"
	},
	"TEXT_Roulette_Bet_SmallBig" : {
		"EN" : "Big/Small",
		"ZH" : "大/小",
		"KR" : "Big/Small",
		"JA" : "Big/Small"
	},
	"TEXT_Roulette_Bet_OddEven" : {
		"EN" : "Even/Odd",
		"ZH" : "双/单",
		"KR" : "Even/Odd",
		"JA" : "Even/Odd"
	},
	"TEXT_Roulette_Bet_RedBlack" : {
		"EN" : "Red/Black",
		"ZH" : "红/黑",
		"KR" : "Red/Black",
		"JA" : "Red/Black"
	},
	"TEXT_Roulette_Probability" : {
		"EN" : "Probability",
		"ZH" : "概率统计",
		"KR" : "Probability",
		"JA" : "Probability"
	},
	"TEXT_Red1" : {
		"EN" : "R",
		"ZH" : "红",
		"KR" : "R",
		"JA" : "R"
	},
	"TEXT_Black1" : {
		"EN" : "B",
		"ZH" : "黑",
		"KR" : "B",
		"JA" : "B"
	},
	"TEXT_Zero2" : {
		"EN" : "Z",
		"ZH" : "零",
		"KR" : "Z",
		"JA" : "Z"
	},
	"TEXT_Big1" : {
		"EN" : "B",
		"ZH" : "大",
		"KR" : "B",
		"JA" : "B"
	},
	"TEXT_Small1" : {
		"EN" : "S",
		"ZH" : "小",
		"KR" : "S",
		"JA" : "S"
	},
	"TEXT_Single1" : {
		"EN" : "O",
		"ZH" : "单",
		"KR" : "O",
		"JA" : "O"
	},
	"TEXT_Double1" : {
		"EN" : "E",
		"ZH" : "双",
		"KR" : "E",
		"JA" : "E"
	},
	"TEXT_Area" : {
		"EN" : "Area",
		"ZH" : "区域",
		"KR" : "Area",
		"JA" : "Area"
	},
	"TEXT_Odds" : {
		"EN" : "Odds",
		"ZH" : "赔率",
		"KR" : "Odds",
		"JA" : "Odds"
	},

"TEXT_SicBo" : {
		"EN" : "SicBo",
		"ZH" : "骰宝",
		"KR" : "SicBo",
		"JA" : "SicBo"
	},
	"TEXT_Roulette_Classic" : {
		"EN" : "Classic Bet",
		"ZH" : "经典投注",
		"KR" : "Classic Bet",
		"JA" : "Classic Bet"
	},
	"TEXT_Roulette_French" : {
		"EN" : "French Bet",
		"ZH" : "法式投注",
		"KR" : "French Bet",
		"JA" : "French Bet"
	},
	"TEXT_Roulette_Statistics" : {
		"EN" : "Statistics",
		"ZH" : "统计",
		"KR" : "Statistics",
		"JA" : "Statistics"
	},
	"TEXT_Roulette_Bet_Total" : {
		"EN" : "Total",
		"ZH" : "总投注",
		"KR" : "Total",
		"JA" : "Total"
	},

	"SICBO_SUM":{
		"EN":"SUM",
		"ZH":"和值",
		"KR":"SUM",
		"JA":"SUM"
	},

	"SICBO_BIG":{
		"EN":"BIG",
		"ZH":"大",
		"KR":"BIG",
		"JA":"BIG"
	},

	"SICBO_SMALL":{
		"EN":"SMALL",
		"ZH":"小",
		"KR":"SMALL",
		"JA":"SMALL"
	},

	"SICBO_ODD":{
		"EN":"ODD",
		"ZH":"单",
		"KR":"ODD",
		"JA":"ODD"
	},
	"SICBO_EVEN":{
		"EN":"EVEN",
		"ZH":"双",
		"KR":"EVEN",
		"JA":"EVEN"
	},
	"SICBO_ODD_EVEN":{
		"EN":"EVEN/ODD",
		"ZH":"双/单",
		"KR":"EVEN/ODD",
		"JA":"EVEN/ODD"
	},
	"SICBO_TRIPLE":{
		"EN":"TRIPLE",
		"ZH":"围骰",
		"KR":"TRIPLE",
		"JA":"TRIPLE"
	},
	"SICBO_ANY_TRIPLE":{
		"EN":"ANY TRIPLE",
		"ZH":"全围",
		"KR":"ANY TRIPLE",
		"JA":"ANY TRIPLE"
	},
	
	"SICBO_COMBINATION":{
		"EN":"COMBINATION",
		"ZH":"组合",
		"KR":"COMBINATION",
		"JA":"COMBINATION"
	},

	"SICBO_PAIR":{
		"EN":"PAIR",
		"ZH":"对子",
		"KR":"PAIR",
		"JA":"PAIR"
	},
	"SICBO_ONE_DICE":{
		"EN":"one dice",
		"ZH":"单骰",
		"KR":"one dice",
		"JA":"one dice"
	},
	"SICBO_TWO_DICE":{
		"EN":"two dice",
		"ZH":"双骰",
		"KR":"two dice",
		"JA":"two dice"
	},
	"SICBO_THREE_DICE":{
		"EN":"three dice",
		"ZH":"三骰",
		"KR":"three dice",
		"JA":"three dice"
	},
	"SICBO_ONE":{
		"EN":"one",
		"ZH":"一",
		"KR":"one",
		"JA":"one "
	},
	"SICBO_TWO":{
		"EN":"two",
		"ZH":"二",
		"KR":"two",
		"JA":"two "
	},
	"SICBO_THREE":{
		"EN":"three",
		"ZH":"三",
		"KR":"three",
		"JA":"three "
	},
	"SICBO_FOUR":{
		"EN":"four",
		"ZH":"四",
		"KR":"four",
		"JA":"four "
	},
	"SICBO_FIVE":{
		"EN":"five",
		"ZH":"五",
		"KR":"five",
		"JA":"five "
	},
	"SICBO_SIX":{
		"EN":"six",
		"ZH":"六",
		"KR":"six",
		"JA":"six "
	},
	"SICBO_AREA":{
		"EN":"AREA",
		"ZH":"区域",
		"KR":"AREA",
		"JA":"AREA "
	},
	"TEXT_SICBO":{
		"EN":"SICBO",
		"ZH":"骰宝",
		"KR":"SICBO",
		"JA":"SICBO "
	},
	"SICBO_LIMIT":{
		"EN":"LIMIT",
		"ZH":"限红",
		"KR":"LIMIT",
		"JA":"LIMIT"
	},

	"SICBO_TRIPLE_2":{
		"EN":"TRIPLE",
		"ZH":"围",
		"KR":"TRIPLE",
		"JA":"TRIPLE"
	},
	"SICBO_TRIPLE_ROAD":{
		"EN":"T",
		"ZH":"围",
		"KR":"T",
		"JA":"T"
	},
	"SICBO_DICE":{
		"EN":"DICE",
		"ZH":"单点",
		"KR":"DICE",
		"JA":"DICE"
	},
	"WIS_SERVICE":{
		"EN":"Service",
		"ZH":"客服",
		"KR":"Service",
		"JA":"Service"
	},
	"WIS_ADVISORY":{
		"EN":"Advisory",
		"ZH":"咨询",
		"KR":"Advisory",
		"JA":"Advisory"
	},	
	"WIS_DEPOSIT":{
		"EN":"Deposit",
		"ZH":"存款",
		"KR":"Deposit",
		"JA":"Deposit"
	},
	"WIS_HOT":{
		"EN":"-HOT-",
		"ZH":"-热门-",
		"KR":"-HOT-",
		"JA":"-HOT-"
	},
	"WIS_COLD":{
		"EN":"-COLD-",
		"ZH":"-冷门-",
		"KR":"-COLD-",
		"JA":"-COLD-"
	},
	"WIS_TABLE_NUMBER":{
		"EN":"Table",
		"ZH":"桌台编号",
		"KR":"Table",
		"JA":"Table"
	},
	"LOOK_ON":{
		"EN":"BYSTANDER BET",
		"ZH":"旁观下注",
		"KR":"BYSTANDER BET",
		"JA":"BYSTANDER BET"
	},
	"ENTER_GAME":{
		"EN":"SEAT BET",
		"ZH":"入座下注",
		"KR":"SEAT BET",
		"JA":"SEAT BET"
	},

	"GAME_VIDEO":{
		"EN":"Video",
		"ZH":"游戏视频",
		"KR":"Video",
		"JA":"Video"
	},

	"GAME_SOUND":{
		"EN":"Sound",
		"ZH":"游戏声音",
		"KR":"Sound",
		"JA":"Sound"
	},

	"GAME_PHONE":{
		"EN":"Call phone",
		"ZH":"拨打电话",
		"KR":"call phone",
		"JA":"call phone"
	},

	"GAME_FULL":{
		"EN":"Full screen",
		"ZH":"全屏",
		"KR":"Full screen",
		"JA":"Full screen"
	},

	"GAME_CHAT_FAST" : {
		"EN" : "Speak too often, please try again later",
		"ZH" : "发言过于频繁,请稍后再试",
		"KR" : "Speak too often, please try again later",
		"JA" : "Speak too often, please try again later"
	},

	"GAME_CHAT" : {
		"EN" : "You have been banned",
		"ZH" : "已被禁言",
		"KR" : "You have been banned",
		"JA" : "You have been banned"
	},

	"SEND_CHAT" : {
		"EN" : "SEND",
		"ZH" : "发送",
		"KR" : "SEND",
		"JA" : "SEND"
	},

	"RED_LIMIT" : {
		"EN" : "RED LIMIT",
		"ZH" : "限红选择",
		"KR" : "RED LIMIT",
		"JA" : "RED LIMIT"
	},

	"USERNAME_EDIT" : {
		"EN" : "Please input Username",
		"ZH" : "输入用户名",
		"KR" : "Please input Username",
		"JA" : "Please input Username"
		
	},
	"PASSWORD_EDIT" : {
		"EN" : "Please enter your password",
		"ZH" : "输入密码",
		"KR" : "Please enter your password",
		"JA" : "Please enter your password"
		
	},
	"TEXT_Reward" : {
		"EN" : "Reward",
		"ZH" : "打赏",
		"KR" : "Reward",
		"JA" : "Reward"
		
	},
	"TEXT_Dealer" : {
		"EN" : "Dealer",
		"ZH" : "荷官",
		"KR" : "Dealer",
		"JA" : "Dealer"
		
	},
	"TEXT_Anchor" : {
		"EN" : "Anchor",
		"ZH" : "主播",
		"KR" : "Anchor",
		"JA" : "Anchor"
		
	},
	"TEXT_Reward_Dealer" : {
		"EN" : "Reward",
		"ZH" : "打赏主播",
		"KR" : "Reward",
		"JA" : "Reward"
		
	},
	"TEXT_Reward_NUM" : {
		"EN" : "How much do you want to reward?",
		"ZH" : "请问您要打赏多少金额?",
		"KR" : "How much do you want to reward?",
		"JA" : "How much do you want to reward?"
		
	},

	"TEXT_SuperSix" : {
		"EN" : "SuperSix",
		"ZH" : "超级六",
		"KR" : "SuperSix",
		"JA" : "SuperSix"
		
	},
	"TEXT_Deposit" : {
		"EN" : "Deposit",
		"ZH" : "存款",
		"KR" : "Deposit",
		"JA" : "Deposit"
		
	},

	"TEXT_CustomerService" : {
		"EN" : "Service",
		"ZH" : "客服",
		"KR" : "Service",
		"JA" : "Service"
		
	},

	"TEXT_Rule" : {
		"EN" : "Rule",
		"ZH" : "规则",
		"KR" : "Rule",
		"JA" : "Rule"	
	},

	"TEXT_AnyPair" : {
		"EN" : "Any Pair",
		"ZH" : "任意对子",
		"KR" : "Any Pair",
		"JA" : "Any Pair"	
	},
	"TEXT_PerfectPair" : {
		"EN" : "Perfect Pair",
		"ZH" : "完美对子",
		"KR" : "Perfect Pair",
		"JA" : "Perfect Pair"	
	},

	"TEXT_ChipSetting" : {
		"EN" : "ChipSetting",
		"ZH" : "筹码设置",
		"KR" : "ChipSetting",
		"JA" : "ChipSetting"	
	},
	"TEXT_Multiplay_Selection" : {
		"EN" : "MultiplaySelection",
		"ZH" : "选择桌台",
		"KR" : "MultiplaySelection",
		"JA" : "MultiplaySelection"	
	},

	"TEXT_YOUR_POSITION" : {
		"EN" : "YOUR POSITION",
		"ZH" : "您的位置",
		"KR" : "YOUR POSITION",
		"JA" : "YOUR POSITION"	
	},

	"ONLINE_NUMBER" : {
		"EN" : "online users",
		"ZH" : "在线人数",
		"KR" : "online users",
		"JA" : "online users"	
	},

    "TEXT_TEST":{
		"EN" : "Test",
		"ZH" : "测试",
		"KR" : "Test",
		"JA" : "Test"	
	},
	"TEXT_REWARD_FAILURE":{
		"EN" : "Reward Failure",
		"ZH" : "打赏失败",
		"KR" : "Reward Failure",
		"JA" : "Reward Failure"	
	},
	"TEXT_REWARD_SUCCESSFUL":{
		"EN" : "Reward Successful",
		"ZH" : "打赏成功",
		"KR" : "Reward Successful",
		"JA" : "Reward Successful"	
	},
	"TEXT_CHAT_FREQUENT":{
		"EN" : "Your chat is too frequent",
		"ZH" : "您聊天过于频繁",
		"KR" : "Your chat is too frequent",
		"JA" : "Your chat is too frequent"	
	},
	"TEXT_CHAT_BANNED":{
		"EN" : "You have been banned",
		"ZH" : "您已经被禁言",
		"KR" : "You have been banned",
		"JA" : "You have been banned"	
	}

	
   
}